Tanggal,No PO,No SO,Tanggal SPK,Deadline SPK,Nama Vendor (PIC),Kontak,Kategori Produk,Jenis Produk,Nama Produk,Qty,Satuan,Revisi,Tgl Revisi,Jumlah Harga,Sub Total,Metode Pembayaran,Nama Sales,Tanggal.1,Nilai Pembayaran,Tanggal.2,Nilai Pembayaran.1,Tanggal.3,Nilai Pembayaran.2,Tanggal.4,Nilai Pembayaran.3,Tanggal.5,Nilai Pembayaran.4,Tanggal.6,Nilai Pembayaran.5,Tanggal.7,Nilai Pembayaran.6,Tanggal.8,Nilai Pembayaran.7,Tanggal.9,Nilai Pembayaran.8,Tanggal.10,Nilai Pembayaran.9,Tanggal.11,Nilai Pembayaran.10,Tanggal.12,Nilai Pembayaran.11,Jumlah Penyelesaian,Kekurangan Pembayaran,Status Pengiriman,Hutang Vendor,Link Odoo Project - Core Process,Checklist Keuangan,Bulan
2025-07-26,P00537,,,,Kembar Teknika,62823-2220-1080,Street Furniture & Landscape,Grill,Grill Bontang Cover dan Frame,194.0,PCS,,,238620000.0,886420000.0,Transfer ,,29/07/2025,Rp150.000.000,31/07/2025,Rp115.926.000,Potongan,23.625.000,15/09/2025,20.000.000,02/10/2025,50.000.000,13/10/2025,100.000.000,16/10/2025,250.000.000,17/10/2025,50.000.000,22/4/2026,50.000.000,,,,,,,809551000.0,76869000.0,Diterima Futake,76869000.0,,False,2025-07
2025-07-26,P00537,,,,Kembar Teknika,62823-2220-1080,Street Furniture & Landscape,Kursi Taman,Kursi taman custom Bontang panjang 150cm,24.0,PCS,,,48000000.0,,Transfer ,,,,,,,,,,,,,,,,,,,,,,,,,,0.0,0.0,Diterima Futake,0.0,,False,2025-07
2025-07-26,P00537,,,,Kembar Teknika,62823-2220-1080,Street Furniture & Landscape,Lampu  ,Lampu Trotoar Custom Bontang Kuntul,64.0,PCS,,,284800000.0,,Transfer ,,,,,,,,,,,,,,,,,,,,,,,,,,0.0,0.0,Diterima Futake,0.0,,False,2025-07
2025-07-26,P00537,,,,Kembar Teknika,62823-2220-1080,Street Furniture & Landscape,Stand Bollard,Stand Bollard Bontang 2,300.0,PCS,,,315000000.0,,Transfer ,,,,,,,,,,,,,,,,,,,,,,,,,,0.0,0.0,Diterima Futake,0.0,,False,2025-07
2025-10-06,P00722,,,,Kembar Teknika,62823-2220-1080,Street Furniture & Landscape,Kursi Taman,Kursi Taman Paser,38.0,PCS,,,100700000.0,210160000.0,Transfer ,Anis,08/10/2025,Rp20.000.000,22/11/2025,Rp50.000.000,17/03/2026,66.149.775,04/04/2026,750.000,08/05/2026,3.120.000,,,,,,,,,,,,,,,140019775.0,70140225.0,Diterima Futake,70140225.0,,False,2025-10
2025-10-06,P00722,,,,Kembar Teknika,62823-2220-1080,Street Furniture & Landscape,Tiang Lampu,"Tiang Lampu T 2,5m",10.0,PCS,,,30500000.0,,Transfer ,Anis,,,,,,,,,,,,,,,,,,,,,,,,,0.0,0.0,Diterima Futake,0.0,,False,2025-10
2025-10-06,P00722,,,,Kembar Teknika,62823-2220-1080,Street Furniture & Landscape,Tiang Lampu,"Tiang Lampu T 3,5m",24.0,PCS,,,78960000.0,,Transfer ,Anis,,,,,,,,,,,,,,,,,,,,,,,,,0.0,0.0,Diterima Futake,0.0,,False,2025-10
2025-11-03,P00810,S02021,04/11/2025,29/11/2025,MF ANTIK,62 812-1506-204,Street Furniture & Landscape,KURSI TAMAN,KURSI TAMAN TEGAL,12.0,PCS,,,30000000.0,30000000.0,Transfer ,Anis,04/11/2025,Rp9.000.000,,,,,,,,,,,,,,,,,,,,,,,9000000.0,21000000.0,Diterima Futake,,http://erp.futake.co.id/mail/view?model=project.task&res_id=6271&access_token=d44ac4f1-85bb-4646-a7d2-91113f1afb82,False,2025-11
2025-11-03,P00814,S02021,04/11/2025,29/11/2025,BENGKEL LAS YUDHA MANDIRI (MAS YUYUN),62 813-9031-2809,Street Furniture & Landscape,AMBIENCE,Ambience Light,10.0,PCS,,,12500000.0,182150000.0,Transfer ,Anis,04/11/2025, Rp 54.645.000 ,19/11/2025, Rp 38.251.500 ,28/11/2025, Rp 44.626.750 ,29/11/2025,44.626.750,,,,,,,,,,,,,,,,,182150000.0,0.0,Diterima Futake,0.0,https://erp.futake.co.id/web#id=5890&cids=1&menu_id=318&action=488&active_id=47&model=project.task&view_type=form,False,2025-11
2025-11-03,P00814,S02021,04/11/2025,29/11/2025,BENGKEL LAS YUDHA MANDIRI (MAS YUYUN),62 813-9031-2809,Street Furniture & Landscape,TIANG PJU,Tiang PJU Poci Tegal,29.0,PCS,,,169650000.0,,Transfer ,Anis,,,,,,,,,,,,,,,,,,,,,,,,,0.0,,Diterima Futake,0.0,https://erp.futake.co.id/web#id=5890&cids=1&menu_id=318&action=488&active_id=47&model=project.task&view_type=form,False,2025-11
2025-11-03,P00818,,30/10/2025,01/11/2025,Pak Zani,,Street Furniture & Landscape,COR ALUMUNIUM,Cor alumunium Ornamen Tiang Papan Nama Bali,75.0,PCS,,,3900000.0,3900000.0,Transfer ,,24/11/2025,Rp3.900.000,,,,,,,,,,,,,,,,,,,,,,,3900000.0,0.0,Diterima Futake,0.0,http://erp.futake.co.id/mail/view?model=project.task&res_id=9855&access_token=b90c6d03-2d9b-47cf-ba61-acb7544b6cf7,False,2025-11
2025-11-04,P00822,S02034,10/11/2025,18/11/2025,MF ANTIK,62 812-1506-204,Street Furniture & Landscape,TIANG LAMPU,TIANG LAMPU CILEGON,22.0,PCS,,,121000000.0,121000000.0,Transfer ,Yusuf,04/11/2025,Rp36.300.000,,,,,,,,,,,,,,,,,,,,,,,36300000.0,84700000.0,Diterima Futake,,https://erp.futake.co.id/web#id=9609&cids=1&menu_id=318&action=488&active_id=47&model=project.task&view_type=form,False,2025-11
2025-11-06,P00837,,07/11/2025,12/11/2025,Kembar Jaya,62 851-8598-1865,Street Furniture & Landscape,GRILL,Grill Austinville 70x42,15.0,PCS,,,16875000.0,18000000.0,Transfer ,,07/11/2025, Rp 5.062.500 ,05/12/2025,Rp11.812.500,29/02/2026,1.125.000,,,,,,,,,,,,,,,,,,,18000000.0,0.0,Diterima Futake,0.0,https://erp.futake.co.id/web#id=9666&cids=1&menu_id=318&action=488&active_id=47&model=project.task&view_type=form,False,2025-11
2025-11-06,P00837, ,,,Kembar Jaya,62 851-8598-1865,Street Furniture & Landscape,GRILL,Jasa Perbaikan Grill Austinville 70x42 ,1.0,,,,1125000.0,,Transfer ,,,,,,,,,,,,,,,,,,,,,,,,,,0.0,,Diterima Futake,0.0,,False,2025-11
2025-11-08,P00844,,10/11/2025,29/11/2025,CV Mandiri Baru,87874843242,Street Furniture & Landscape,TEMPAT SAMPAH,TEMPAT SAMPAH 3 IN 1 PLASTIK,64.0,PCS,,,54400000.0,54400000.0,Transfer ,,10/11/2025,Rp16.320.000,,,,,,,,,,,,,,,,,,,,,,,16320000.0,38080000.0,Diterima Futake,38080000.0,https://erp.futake.co.id/web#id=9733&cids=1&menu_id=318&action=488&active_id=47&model=project.task&view_type=form,False,2025-11
2025-11-22,P00898,Cancle,,,Bapak Antok,62 821-3706-6888,Street Furniture & Landscape,BOLLARD,BOLLARD BALIKPAPAN TYPE 3 MAHDI,16.0,PCS,,,14080000.0,14080000.0,Transfer ,Yusuf,,,,,,,,,,,,,,,,,,,,,,,,,0.0,14080000.0,Belum Diterima Futake,0.0,,False,2025-11
2025-11-24,P00912,,,,Futastone,62 823-2220-4090,Street Furniture & Landscape,GUIDING BLOCK,GUIDING BLOCK UBIN GO,16.0,PCS,,,140800.0,176000.0,Transfer ,Fajar,26/11/2025,Rp176.000,,,,,,,,,,,,,,,,,,,,,,,176000.0,0.0,Diterima Futake,0.0,,False,2025-11
2025-11-24,P00912,,,,Futastone,62 823-2220-4090,Street Furniture & Landscape,GUIDING BLOCK,GUIDING BLOCK UBIN STOP,4.0,PCS,,,35200.0,,Transfer ,Fajar,,,,,,,,,,,,,,,,,,,,,,,,,0.0,,Diterima Futake,0.0,,False,2025-11
2025-11-26,P00915,,,,BENGKEL LAS YUDHA MANDIRI (MAS YUYUN),62 813-9031-2809,Street Furniture & Landscape,TIANG LAMPU,TIANG LAMPU CABANG 3 FINISHING,40.0,PCS,,,48000000.0,48000000.0,Transfer ,,,,,,,,,,,,,,,,,,,,,,,,,,0.0,48000000.0,Belum Diterima Futake,0.0,https://erp.futake.co.id/web#id=9793&cids=1&menu_id=318&action=488&active_id=47&model=project.task&view_type=form,False,2025-11
2025-12-01,P00935,,,,Kembar Teknika,62823-2220-1080,Street Furniture & Landscape,MANHOLE,MANHOLE GUNUNG KIDUL FC,7.0,PCS,,,13650000.0,18306000.0,Transfer ,Yusuf,04/12/2025,Rp 5.491.800,08/12/2025,Rp 5.491.800,09/12/2025,Rp 7.331.400,,,,,,,,,,,,,,,,,,,18315000.0,-9000.0,Diterima Futake,9000.0,https://erp.futake.co.id/web#id=10341&cids=1&menu_id=318&action=488&active_id=47&model=project.task&view_type=form,False,2025-12
2025-12-01,P00935,,,,Kembar Teknika,62823-2220-1080,Street Furniture & Landscape,GRILL,GRILL BALIKPAPAN 30 X40 CM FCD,8.0,PCS,,,3400000.0,,Transfer ,Yusuf,,,,,,,,,,,,,,,,,,,,,,,,,0.0,,Diterima Futake,0.0,https://erp.futake.co.id/web#id=10341&cids=1&menu_id=318&action=488&active_id=47&model=project.task&view_type=form,False,2025-12
2025-12-01,P00935,,,,Kembar Teknika,62823-2220-1080,Street Furniture & Landscape,MOLDING,BIAYA MOULDING MANHOLE GUNUNG KIDUL FC,1.0,PCS,,,1256000.0,,Transfer ,Yusuf,,,,,,,,,,,,,,,,,,,,,,,,,0.0,,Diterima Futake,0.0,https://erp.futake.co.id/web#id=10341&cids=1&menu_id=318&action=488&active_id=47&model=project.task&view_type=form,False,2025-12
2025-12-05,P00957,,,,Futastone,62 823-2220-4090,Art & Craft,KANSTIN,KANSTIN 40X10X20,1400.0,PCS,,,24500000.0,28901000.0,Transfer ,Yusuf,18/12/2025,Rp 4.401.000,,,,,,,,,,,,,,,,,,,,,,,4401000.0,24500000.0,Diterima Futake,24500000.0,,False,2025-12
2025-12-05,P00957,,,,Futastone,62 823-2220-4090,Street Furniture & Landscape,GUIDING BLOCK,GUIDING BLOCK UBIN GO,489.0,PCS,,,4401000.0,,Transfer ,Yusuf,,,,,,,,,,,,,,,,,,,,,,,,,,,Diterima Futake,0.0,,False,2025-12
2025-12-16,P01000,S01641,01/10/2025,15/09/2025,Futastone,62 823-2220-4090,Street Furniture & Landscape,GUIDING BLOCK,GUIDING BLOCK UBIN GO,586.0,PCS,,,5274000.0,5634000.0,,Fajar,23/12/2025,Rp5.634.000,,,,,,,,,,,,,,,,,,,,,,,5634000.0,0.0,Diterima Futake,0.0,,False,2025-12
2025-12-16,P01000,S01641,01/10/2025,15/09/2025,Futastone,62 823-2220-4090,Street Furniture & Landscape,GUIDING BLOCK,GUIDING BLOCK UBIN STOP,40.0,PCS,,,360000.0,,,Fajar,,,,,,,,,,,,,,,,,,,,,,,,,0.0,,Diterima Futake,0.0,,False,2025-12
2025-12-16,P01003,,,,Kembar Jaya,62 851-8598-1865,Street Furniture & Landscape,MANHOLE,Manhole Malang,29.0,PCS,,,46400000.0,46400000.0,,Fajar,22/12/2025,Rp13.920.000,,,,,,,,,,,,,,,,,,,,,,,13920000.0,32480000.0,Diterima Futake,,,False,2025-12
2026-01-17,P01044,,,,CV Mandiri Baru,87874843242,Street Furniture & Landscape,Tempat Sampah,Tempat Sampah Fiber 3 in 1,60.0,PCS,,,51000000.0,51000000.0,Transfer ,Swastika,19/01/2026,Rp 15.300.000,,,,,,,,,,,,,,,,,,,,,,,15300000.0,35700000.0,Diterima Futake,35700000.0,https://erp.futake.co.id/web#id=11070&cids=1&menu_id=318&action=488&active_id=47&model=project.task&view_type=form,False,2026-01
2026-01-17,P01049,,,,Kembar Jaya,62 851-8598-1865,Street Furniture & Landscape,GRILL,Grill Chamber uk 100 x 50 x 3 Finishing anti karat dan beban 50 ton + Embossed Logo Austinville,23.0,PCS,,,27600000.0,27600000.0,,Santi,27/01/2026,Rp27.600.000,,,,,,,,,,,,,,,,,,,,,,,27600000.0,0.0,Diterima Futake,,https://erp.futake.co.id/web#id=10604&cids=1&menu_id=318&action=488&active_id=47&model=project.task&view_type=form,False,2026-01
2026-01-31,P01072,,,,Bapak Antok,62 821-3706-6888,Mesin Tepat Guna,MESIN,Mesin Molen Pencuci Biji-bijian Stainless Steel,1.0,PCS,,,27000000.0,27000000.0,Transfer ,Fajar,03/02/2026,Rp8.100.000,,,,,,,,,,,,,,,,,,,,,,,8100000.0,18900000.0,Diterima Futake,18900000.0,https://erp.futake.co.id/web#id=11519&cids=1&menu_id=318&action=488&active_id=47&model=project.task&view_type=form,False,2026-01
2026-02-10,P01091,,,,MF Antik,62 812-1506-204,Street Furniture & Landscape,Ornamen Cincin Prabumulih,Ornamen Cincin Prabumulih,6.0,PCS,,,360000.0,360000.0,Transfer ,Fajar,11/02/2026,Rp360.000,,,,,,,,,,,,,,,,,,,,,,,360000.0,0.0,Diterima Futake,0.0,,False,2026-02
2026-02-11,P01093,,,,Teknika Jaya (Bu Yusri),0858-0277-3253,Mesin Tepat Guna,"Gibolt Joint For PVC P.20 CM UK.4""","Gibolt Joint For PVC P.20 CM UK.4""",8.0,PCS,,,1280000.0,17450000.0,Transfer ,Anis,12/02/2026,Rp5.235.000,21/02/2026,Rp12.215.000,,,,,,,,,,,,,,,,,,,,,17450000.0,0.0,Diterima Futake,0.0,,False,2026-02
2026-02-11,P01093,,,,Teknika Jaya (Bu Yusri),0858-0277-3253,Mesin Tepat Guna,"Gibolt Joint For PVC P.20 CM UK.6""","Gibolt Joint For PVC P.20 CM UK.6""",43.0,PCS,,,14190000.0,,Transfer ,Anis,,,,,,,,,,,,,,,,,,,,,,,,,0.0,,Diterima Futake,0.0,,False,2026-02
2026-02-11,P01093,,,,Teknika Jaya (Bu Yusri),0858-0277-3253,Mesin Tepat Guna,"Gibolt Joint For PVC P.20 CM UK.8""","Gibolt Joint For PVC P.20 CM UK.8""",2.0,PCS,,,980000.0,,Transfer ,Anis,,,,,,,,,,,,,,,,,,,,,,,,,0.0,,Diterima Futake,0.0,,False,2026-02
2026-02-11,P01093,,,,Teknika Jaya (Bu Yusri),0858-0277-3253,Mesin Tepat Guna,"Gibolt Joint For PVC P.20 CM UK.2""","Gibolt Joint For PVC P.20 CM UK.2""",4.0,PCS,,,460000.0,,Transfer ,Anis,,,,,,,,,,,,,,,,,,,,,,,,,0.0,,Diterima Futake,0.0,,False,2026-02
2026-02-11,P01093,,,,Teknika Jaya (Bu Yusri),0858-0277-3253,Mesin Tepat Guna,"Gibolt Joint For PVC P.20 CM UK.3""","Gibolt Joint For PVC P.20 CM UK.3""",4.0,PCS,,,540000.0,,Transfer ,Anis,,,,,,,,,,,,,,,,,,,,,,,,,0.0,,Diterima Futake,0.0,,False,2026-02
2026-02-11,P01096,,,,PT. Panca Karya Wijaya ,0816-1163-491 ,Street Furniture & Landscape,Tiang PJU Hexsagonal ,Tiang PJU Hexsagonal 7m,25.0,PCS,,,62500000.0,69375000.0,Transfer ,Anis,12/02/2026,Rp18.750.000,,,,,,,,,,,,,,,,,,,,,,,18750000.0,50625000.0,Diterima Futake,50625000.0,,False,2026-02
2026-02-11,P01096,,,,PT. Panca Karya Wijaya ,0816-1163-491 ,Street Furniture & Landscape,PAJAK ,PAJAK ,1.0,PCS,,,6875000.0,,,Anis,,,,,,,,,,,,,,,,,,,,,,,,,0.0,0.0,Diterima Futake,0.0,,False,2026-02
2026-02-25,P01122,,,,Rosyid ,85777581230,Surat Dukungan,Jasa Bongkar Pasang Gudang ,Jasa Bongkar Pasang Gudang ,1.0,PCS,,,115000000.0,115000000.0,Transfer ,,09/01/2026,Rp34.500.000,24/01/2026,Rp23.000.000,4/3/2026,17.250.000,02/04/2026,13.800.000,16/02/2026,2.500.000,18/5/2026,7.500.000,22/5/2026,16.450.000,,,,,,,,,,,115000000.0,0.0,Diterima Futake,0.0,http://erp.futake.co.id/mail/view?model=project.task&res_id=11433&access_token=15a3cb1e-2022-4641-a260-95b4ebaebff9,False,2026-02
2026-02-26,P01126,S00009,27/02/2026,06/04/2026,Kembar Jaya,62 851-8598-1865,Street Furniture & Landscape,Manhole Drainase ,Manhole Drainase Top 20 MM Gandar 50 Ton Material FCD Sampel Awal ,1.0,PCS,,,2180000.0,96070000.0,Transfer ,Fajar,28/02/2026,Rp19.620.000,30/05/2026,Rp40.000.000,,,,,,,,,,,,,,,,,,,,,59620000.0,36450000.0,Diterima Futake,,http://erp.futake.co.id/mail/view?model=project.task&res_id=11852&access_token=7a9a0c0a-190d-493e-87ba-e020d1212105,False,2026-02
2026-02-26,P01126,S00009,27/02/2026,06/04/2026,Kembar Jaya,62 851-8598-1865,Street Furniture & Landscape,Manhole Drainase,Manhole Drainase Top 20 MM Gandar 50 Ton Material FCD ,30.0,PCS,,,93000000.0,,Transfer ,Fajar,,,,,,,,,,,,,,,,,,,,,,,,,0.0,0.0,Diterima Futake,0.0,http://erp.futake.co.id/mail/view?model=project.task&res_id=11852&access_token=7a9a0c0a-190d-493e-87ba-e020d1212105,False,2026-02
2026-02-26,P01126,S00009,27/02/2026,06/04/2026,Kembar Jaya,62 851-8598-1865,Street Furniture & Landscape,Manhole Drainase,Manhole Drainase Top 20 MM Gandar 50 Ton Material FCD ,1.0,PCS,,,890000.0,,Transfer ,Fajar,,,,,,,,,,,,,,,,,,,,,,,,,0.0,0.0,Diterima Futake,0.0,http://erp.futake.co.id/mail/view?model=project.task&res_id=11852&access_token=7a9a0c0a-190d-493e-87ba-e020d1212105,False,2026-02
2026-02-27,P01127,S00099,27/02/2026,31/03/2026,Inyong Teraso,6288215659022,Street Furniture & Landscape,Bathtub Terazzo ,Bathtub Terazzo Pink Glossy ,1.0,PCS,,,2700000.0,2700000.0,Transfer ,Santi,03/03/2026,Rp810.000,17/04/2026,Rp1.890.000,,,,,,,,,,,,,,,,,,,,,2700000.0,0.0,Diterima Futake,0.0,http://erp.futake.co.id/mail/view?model=project.task&res_id=12144&access_token=264ed98a-eabb-4f61-af5b-47fc37f99b0c,False,2026-02
2026-03-03,P00001,Order Direct Pak Fiky ,,,Pak Mujiyono Ngawen ,87838561570,Street Furniture & Landscape,Kursi Singa P 120 cm,Kursi Singa P 120 cm,5.0,PCS,,,3500000.0,3500000.0,Transfer ,,04/03/2026,Rp1.050.000,11/3.2026 ,Rp2.450.000,,,,,,,,,,,,,,,,,,,,,3500000.0,0.0,Diterima Futake,0.0,,False,2026-03
2026-03-05,P00002,S00095,05/03/2026,28/03/2026,Pak Giyanto Ukiran Batu Paras ,895363701739,Art & Craft,Lukisan Batu Wayang ,"Lukisan Batu Wayang Ukuran 2,4m x 3,2 m Motif Gunungan Wayang ",1.0,PCS,,,6800000.0,6800000.0,Transfer ,Fajar,06/03/2026,Rp2.040.000,16/03/2026,Rp4.760.000,,,,,,,,,,,,,,,,,,,,,6800000.0,0.0,Diterima Futake,0.0,http://futakesistem.com/mail/view?model=project.task&res_id=110986&access_token=d9d5c55d-bbb9-41f8-9304-d2a6ce37858c,False,2026-03
2026-03-05,P00005,S00001,,,CV Agung Mulia ,83866373384,Street Furniture & Landscape,Batu Andesit Bakar 30 x 30 x 30 ,[S-BTA-303] Batu Andesit Bakar 30 x 30 x 30 ,1340.0,PCS,,,268000000.0,268000000.0,Transfer ,Swastika,06/03/2026,Rp10.000.000,07/03/2026,Rp10.000.000,09/03/2026,10.000.000,10/3/2026,10.000.000,12/3/2026,10.000.000,13/3/2026,10.000.000,14/3/2026,10.000.000,6/4/2026,10.000.000,7/4/2026,10.000.000,8/4/2026,10.000.000,9/4/2026,10.000.000,10/4/2026,10.000.000,268000000.0,0.0,Diterima Futake,0.0,https://erp.futake.co.id/web#id=11975&cids=1&menu_id=318&action=488&active_id=47&model=project.task&view_type=form,False,2026-03
2026-03-05,P00005,S00001,,,CV Agung Mulia ,83866373384,Street Furniture & Landscape,Batu Andesit Bakar 30 x 30 x 30 ,[S-BTA-303] Batu Andesit Bakar 30 x 30 x 30 ,,,,,,,Transfer ,Swastika,11/4/2026,Rp16.000.000,14/04/2026,Rp20.000.000,17/04/2026,46.000.000,21/4/2026,66.000.000,,,,,,,,,,,,,,,,,,0.0,Diterima Futake,0.0,https://erp.futake.co.id/web#id=11975&cids=1&menu_id=318&action=488&active_id=47&model=project.task&view_type=form,False,2026-03
2026-03-05,P00005,S00001,,,CV Agung Mulia ,83866373384,Ongkir,Ongkir Kontainer,Ongkir Kontainer ,1.0,PCS,,,105000000.0,105000000.0,Transfer ,Swastika,16/3/2026,6.000.000,17/03/2026,Rp17.000.000,13/04/2026,27.000.000,15/4/2026,27.000.000,23/4/2026,28.000.000,,,,,,,,,,,,,,,105000000.0,0.0,Diterima Futake,0.0,https://erp.futake.co.id/web#id=11975&cids=1&menu_id=318&action=488&active_id=47&model=project.task&view_type=form,False,2026-03
2026-03-05,P00005,S00001,,,CV Agung Mulia ,83866373384,Rawat Inap ,Biaya Inap ,Biaya Inap ,1.0,PCS,,,2250000.0,2250000.0,Transfer ,Swastika,16/3/2026,1.500.000,27/04/2026,Rp750.000,,,,,,,,,,,,,,,,,,,,,2250000.0,0.0,Diterima Futake,0.0,https://erp.futake.co.id/web#id=11975&cids=1&menu_id=318&action=488&active_id=47&model=project.task&view_type=form,False,2026-03
2026-03-05,P00005,S00001,,,CV Agung Mulia ,83866373384,Rawat Inap ,Biaya Inap di Lokasi Bongkar,Biaya Inap di Lokasi Bongkar,1.0,PCS,,,1500000.0,1500000.0,Transfer ,Swastika,13/4/2026,1.500.000,,,,,,,,,,,,,,,,,,,,,,,1500000.0,0.0,Diterima Futake,0.0,https://erp.futake.co.id/web#id=11975&cids=1&menu_id=318&action=488&active_id=47&model=project.task&view_type=form,False,2026-03
2026-03-05,P00005,S00001,,,CV Agung Mulia ,83866373384,Rawat Inap ,Biaya Inap di Pelabuhan ,Biaya Inap di Pelabuhan ,1.0,PCS,,,900000.0,900000.0,Transfer ,Swastika,13/4/2026,900.000,,,,,,,,,,,,,,,,,,,,,,,900000.0,0.0,Diterima Futake,0.0,https://erp.futake.co.id/web#id=11975&cids=1&menu_id=318&action=488&active_id=47&model=project.task&view_type=form,False,2026-03
2026-03-06,P00008,STOCK ,,,Mr. Henry ,8617602505270,Street Furniture & Landscape,Tactile Stainless Indicator Strip ,Tactile Stainless Indicator Strip Pineapple surface & hollow type,15000.0,PCS,,,221040000.0,237095000.0,Transfer ,Stock,13/04/2026,Rp20.096.532,14/04/2026,Rp20.148.900,,,,,,,,,,,,,,,,,,,,,40245432.0,196849568.0,Belum Diterima Futake,0.0,STOCK ,False,2026-03
2026-03-06,P00008,STOCK ,,,Mr. Henry ,8617602505270,Street Furniture & Landscape,Tactile Stainless Indicator Stud ,Tactile Stainless Indicator Stud Pineapple surface & hollow type,5000.0,PCS,,,16055000.0,,,Stock,,,,,,,,,,,,,,,,,,,,,,,,,0.0,,Belum Diterima Futake,0.0,STOCK ,False,2026-03
2026-03-07,P00011,S00102,07/03/2026,12/03/2026,CV Mandiri Baru,87874843242,Street Furniture & Landscape,Tempat Sampah 3 in 1 Stainless Steel ,Tempat Sampah 3 in 1 Stainless Steel ,1.0,PCS,,,2850000.0,2850000.0,Transfer ,Santi,07/03/2026,Rp855.000,,,,,,,,,,,,,,,,,,,,,,,855000.0,1995000.0,Diterima Futake,1995000.0,https://erp.futake.co.id/web#id=12182&cids=1&menu_id=318&action=488&active_id=47&model=project.task&view_type=form,False,2026-03
2026-03-07,P00011,S00102,07/03/2026,12/03/2026,CV Mandiri Baru,87874843242,Street Furniture & Landscape,Biaya Kirim ,Biaya Kirim ,1.0,PCS,,,269000.0,269000.0,Transfer ,Santi,16/03/2026,Rp269.000,,,,,,,,,,,,,,,,,,,,,,,,,Diterima Futake,0.0,https://erp.futake.co.id/web#id=12182&cids=1&menu_id=318&action=488&active_id=47&model=project.task&view_type=form,False,2026-03
2026-03-16,P00024,S00122,,,Swakarya Mandiri ,81210622702,Alat Usaha & Perlengkapan Rumah Tangga,Mesin Cetak Batako Paving Mobile Sekali Cetak 8 Buah ,Mesin Cetak Batako Paving Mobile Sekali Cetak 8 Buah + Cetakan Standart ,1.0,Unit ,,,24000000.0,,Transfer ,Swastika,17/03/2026,Rp7.200.000,04/05/2026,Rp16.800.000,,,,,,,,,,,,,,,,,,,,,24000000.0,0.0,Diterima Futake,0.0,http://futakesistem.com/mail/view?model=project.task&res_id=111207&access_token=98fe79b0-9123-424b-85c7-6372dfc50a70,False,2026-03
2026-03-16,P00025,S00122,16/03/2026,18/04/2026,Bapak Antok,0812-1706-3264,Alat Usaha & Perlengkapan Rumah Tangga,Alat Cetak Batako / Paving Genjot Manual ,Alat Cetak Batako / Paving Genjot Manual + Hopper ,1.0,Unit ,,,4500000.0,4500000.0,Transfer ,Swastika,17/03/2026,Rp1.350.000,28/04/2026,Rp3.150.000,,,,,,,,,,,,,,,,,,,,,4500000.0,0.0,Diterima Futake,0.0,http://futakesistem.com/mail/view?model=project.task&res_id=111215&access_token=a67b6c48-a331-4fe4-92af-2c73947125b6,False,2026-03
2026-03-16,P00026,S00122,,,Swakarya Mandiri ,81210622702,Alat Usaha & Perlengkapan Rumah Tangga,Cetakan Batako Custom ,Cetakan Batako Custom Uk. p x l x t 39cm x 19cm x 19cm dan tebal 3cm,1.0,Unit ,,,11000000.0,,Transfer ,Swastika,30/03/2026,Rp3.300.000,04/05/2026,Rp7.700.000,,,,,,,,,,,,,,,,,,,,,11000000.0,0.0,Diterima Futake,0.0,http://futakesistem.com/mail/view?model=project.task&res_id=111207&access_token=98fe79b0-9123-424b-85c7-6372dfc50a70,False,2026-03
2026-04-02,P00028 ,S00117,,,Futastone,62 823-2220-4090,Street Furniture & Landscape,Kanstin 10 x 20 x 40 ,Kanstin 10 x 20 x 40 ,5500.0,PCS,,,93500000.0,93500000.0,Transfer ,Syaiful ,07/04/2026,Rp6.120.000,25/04/2026,Rp9.350.000,,,,,,,,,,,,,,,,,,,,,15470000.0,78030000.0,Diterima Futake,78030000.0,https://futakesistem.com/web#cids=1&menu_id=337&action=506&active_id=84&model=project.task&view_type=form&id=111306,False,2026-04
2026-04-02,P00033,S00001,,,CV Agung Mulia ,83866373384,Street Furniture & Landscape,Batu Andesit Bakar 30 x 30 x 30 ,[S-BTA-303] Batu Andesit Bakar 30 x 30 x 30 Warna Light Grey,1000.0,PCS,,,200000000.0,200000000.0,Transfer ,Swastika,24/04/2026,Rp66.000.000,25/04/2026,Rp66.000.000,28/4/2026,66.000.000,,,,,,,,,,,,,,,,,,,198000000.0,2000000.0,Diterima Futake,2000000.0,https://futakesistem.com/web#id=110799&cids=1&menu_id=337&action=506&active_id=84&model=project.task&view_type=form,False,2026-04
2026-04-02,P00033,S00001,,,CV Agung Mulia ,83866373384,Street Furniture & Landscape,Ongkos Kontainer ,Ongkos Kontainer ,3.0,PCS,,,84000000.0,84000000.0,Transfer ,Swastika,24/04/2026,Rp28.000.000,27/04/2026,Rp28.000.000,28/4/2026,28.000.000,,,,,,,,,,,,,,,,,,,84000000.0,0.0,Diterima Futake,0.0,https://futakesistem.com/web#id=110799&cids=1&menu_id=337&action=506&active_id=84&model=project.task&view_type=form,False,2026-04
2026-04-04,P00037,S00117,,,CV Agung Mulia ,83866373384,Street Furniture & Landscape,Guding Block Ubin 30 x 30 ,Guding Block Ubin 30 x 30 ,20000.0,PCS,,,178500000.0,178500000.0,Transfer ,Syaiful ,29/04/2026,Rp16.000.000,26/05/2026,Rp16.000.000,29/5/2026,Rp16.000.000,,,,,,,,,,,,,,,,,,,48000000.0,130500000.0,Diterima Futake,130500000.0,https://futakesistem.com/web#cids=1&menu_id=337&action=506&active_id=84&model=project.task&view_type=form&id=111308,False,2026-04
2026-04-04,P00037,S00117,,,CV Agung Mulia ,83866373384,Street Furniture & Landscape,Ongkir ,Ongkir ,3.0,RIT ,,,5550000.0,5550000.0,Transfer ,Syaiful ,29/04/2026,Rp1.850.000,26/05/2026,Rp1.850.000,29/5/2026,Rp1.850.000,,,,,,,,,,,,,,,,,,,5550000.0,0.0,Diterima Futake,0.0,https://futakesistem.com/web#cids=1&menu_id=337&action=506&active_id=84&model=project.task&view_type=form&id=111308,False,2026-04
2026-04-07,P00038,STOCK ,,,Pak Supriyanto,85773670306,Alat Usaha & Perlengkapan Rumah Tangga,Toples Kaca 4 No. 2 ,Toples Kaca 4 No. 2 ,10.0,PCS,,,880000.0,2850000.0,Transfer ,Stock,15/05/2026,Rp2.850.000,,,,,,,,,,,,,,,,,,,,,,,2850000.0,0.0,Diterima Futake,0.0,STOCK ,False,2026-04
2026-04-07,P00038,STOCK ,,,Pak Supriyanto,85773670306,Alat Usaha & Perlengkapan Rumah Tangga,Toples Kaca 4 No. 3,Toples Kaca 4 No. 3,10.0,PCS,,,800000.0,,,Stock,,,,,,,,,,,,,,,,,,,,,,,,,0.0,0.0,Diterima Futake,0.0,STOCK ,False,2026-04
2026-04-07,P00038,STOCK ,,,Pak Supriyanto,85773670306,Alat Usaha & Perlengkapan Rumah Tangga,Toples Kaca 4 No. 4 ,Toples Kaca 4 No. 4 ,10.0,PCS,,,620000.0,,,Stock,,,,,,,,,,,,,,,,,,,,,,,,,0.0,0.0,Diterima Futake,0.0,STOCK ,False,2026-04
2026-04-07,P00038,STOCK ,,,Pak Supriyanto,85773670306,Alat Usaha & Perlengkapan Rumah Tangga,Toples Kaca 4 No. 5,Toples Kaca 4 No. 5,10.0,PCS,,,550000.0,,,Stock,,,,,,,,,,,,,,,,,,,,,,,,,0.0,0.0,Diterima Futake,0.0,STOCK ,False,2026-04
2026-04-07,P00039,STOCK ,,,Pak Yudi Toples Kaca Ceper,8816414279,Alat Usaha & Perlengkapan Rumah Tangga,Toples Kaca 5 No. 3 ,Toples Kaca 5 No. 3 ,15.0,PCS,,,1275000.0,2675000.0,Transfer ,Stock,08/04/2026,Rp802.800,24/04/2026,Rp1.872.200,,,,,,,,,,,,,,,,,,,,,2675000.0,0.0,Diterima Futake,0.0,STOCK ,False,2026-04
2026-04-07,P00039,STOCK ,,,Pak Yudi Toples Kaca Ceper,8816414279,Alat Usaha & Perlengkapan Rumah Tangga,Toples Kaca 6 No. 4 ,Toples Kaca 6 No. 4 ,10.0,PCS,,,750000.0,,Transfer ,Stock,,,,,,,,,,,,,,,,,,,,,,,,,0.0,0.0,Diterima Futake,0.0,STOCK ,False,2026-04
2026-04-07,P00039,STOCK ,,,Pak Yudi Toples Kaca Ceper,8816414279,Alat Usaha & Perlengkapan Rumah Tangga,Toples Kaca 6 No. 5 ,Toples Kaca 6 No. 5 ,10.0,PCS,,,650000.0,,Transfer ,Stock,,,,,,,,,,,,,,,,,,,,,,,,,0.0,0.0,Diterima Futake,0.0,STOCK ,False,2026-04
2026-04-09,P00043,S00031,,,Futastone,62 823-2220-4090,Street Furniture & Landscape,Guiding Block Ubin Line ,Guiding Block Ubin Line ,40.0,PCS,,,360000.0,,,Santi,,,,,,,,,,,,,,,,,,,,,,,,,0.0,360000.0,Diterima Futake,360000.0,,False,2026-04
2026-04-13,P00047,S00304 ,13/04/2026,17/04/2026,Pak Mujiyono Ngawen ,87838561570,Art & Craft,Lonceng Custom ,Lonceng Custom ,1.0,PCS,,,750000.0,,Transfer ,Santi,13/04/2026,Rp225.000,04/05/2026,Rp525.000,,,,,,,,,,,,,,,,,,,,,750000.0,0.0,Diterima Futake,0.0,http://futakesistem.com/mail/view?model=project.task&res_id=111532&access_token=78975676-06e1-4877-92f4-e171f0fa2540,False,2026-04
2026-04-14,P00055,S00316,14/04/2026,12/05/2026,Pak Mujiyono Ngawen ,87838561570,Street Furniture & Landscape,Kaki Meja Cafe Custom ,Kaki Meja Cafe Custom ,127.0,PCS,revisi harga ,,33020000.0,,Transfer ,Santi,15/04/2026,Rp9.525.000,22/04/2026,Rp5.000.000,18/5/2026,2.000.000,5/19/2026,16.495.000,,,,,,,,,,,,,,,,,33020000.0,0.0,Diterima Futake,0.0,http://futakesistem.com/mail/view?model=project.task&res_id=111830&access_token=04fa4314-e770-462e-9382-f669c2b6fabe,False,2026-04
2026-04-15,P00057,S00309,,,Teknika Jaya (Bu Yusri),85802773253,Street Furniture & Landscape,"Spigot flange CI PN P.20cm Uk.2"" ","Spigot flange CI PN P.20cm Uk.2"" ",172.0,PCS,,,14620000.0,35040000.0,Transfer ,Anis,16/04/2026,Rp10.512.000,12/05/2026,Rp24.528.000,,,,,,,,,,,,,,,,,,,,,35040000.0,0.0,Diterima Futake,0.0,http://futakesistem.com/mail/view?model=project.task&res_id=110307&access_token=d7c9532f-6962-4744-a04a-b0d3898c2609,False,2026-04
2026-04-15,P00057,S00309,,,Teknika Jaya (Bu Yusri),85802773253,Street Furniture & Landscape,"Spigot flange CI PN P.20cm Uk.3"" ","Spigot flange CI PN P.20cm Uk.3"" ",24.0,PCS,,,2640000.0,,Transfer ,Anis,,,,,,,,,,,,,,,,,,,,,,,,,0.0,,Diterima Futake,0.0,http://futakesistem.com/mail/view?model=project.task&res_id=110307&access_token=d7c9532f-6962-4744-a04a-b0d3898c2609,False,2026-04
2026-04-15,P00057,S00309,,,Teknika Jaya (Bu Yusri),85802773253,Street Furniture & Landscape,"Spigot flange CI PN P.20cm Uk.4"" ","Spigot flange CI PN P.20cm Uk.4"" ",38.0,PCS,,,7220000.0,,Transfer ,Anis,,,,,,,,,,,,,,,,,,,,,,,,,0.0,,Diterima Futake,0.0,http://futakesistem.com/mail/view?model=project.task&res_id=110307&access_token=d7c9532f-6962-4744-a04a-b0d3898c2609,False,2026-04
2026-04-15,P00057,S00309,,,Teknika Jaya (Bu Yusri),85802773253,Street Furniture & Landscape,"Spigot flange CI PN P.20cm Uk.6"" ","Spigot flange CI PN P.20cm Uk.6"" ",32.0,PCS,,,10560000.0,,Transfer ,Anis,,,,,,,,,,,,,,,,,,,,,,,,,0.0,,Diterima Futake,0.0,http://futakesistem.com/mail/view?model=project.task&res_id=110307&access_token=d7c9532f-6962-4744-a04a-b0d3898c2609,False,2026-04
2026-04-15,P00058,S00311,,,Teknika Jaya (Bu Yusri),85802773253,Street Furniture & Landscape,"Giboult Joint CI PN16 STD 11cm Uk.2""","Giboult Joint CI PN16 STD 11cm Uk.2""",44.0,PCS,,,3300000.0,6870000.0,Transfer ,Anis,16/04/2026,Rp2.061.000,12/05/2026,Rp4.809.000,,,,,,,,,,,,,,,,,,,,,6870000.0,0.0,Diterima Futake,0.0,https://futakesistem.com/web#id=111841&cids=1&menu_id=337&action=506&active_id=84&model=project.task&view_type=form,False,2026-04
2026-04-15,P00058,S00311,,,Teknika Jaya (Bu Yusri),85802773253,Street Furniture & Landscape,"Giboult Joint CI PN16 STD 11cm Uk.3""","Giboult Joint CI PN16 STD 11cm Uk.3""",6.0,PCS,,,630000.0,,Transfer ,Anis,,,,,,,,,,,,,,,,,,,,,,,,,0.0,0.0,Diterima Futake,0.0,https://futakesistem.com/web#id=111841&cids=1&menu_id=337&action=506&active_id=84&model=project.task&view_type=form,False,2026-04
2026-04-15,P00058,S00311,,,Teknika Jaya (Bu Yusri),85802773253,Street Furniture & Landscape,"Giboult Joint CI PN16 STD 11cm Uk.4""","Giboult Joint CI PN16 STD 11cm Uk.4""",10.0,PCS,,,1300000.0,,Transfer ,Anis,,,,,,,,,,,,,,,,,,,,,,,,,0.0,0.0,Diterima Futake,0.0,https://futakesistem.com/web#id=111841&cids=1&menu_id=337&action=506&active_id=84&model=project.task&view_type=form,False,2026-04
2026-04-15,P00058,S00311,,,Teknika Jaya (Bu Yusri),85802773253,Street Furniture & Landscape,"Giboult Joint CI PN16 STD 11cm Uk.6""","Giboult Joint CI PN16 STD 11cm Uk.6""",8.0,PCS,,,1640000.0,,Transfer ,Anis,,,,,,,,,,,,,,,,,,,,,,,,,0.0,0.0,Diterima Futake,0.0,https://futakesistem.com/web#id=111841&cids=1&menu_id=337&action=506&active_id=84&model=project.task&view_type=form,False,2026-04
2026-04-15,P00059,S00319,,,CV Agung Mulia ,83866373384,Street Furniture & Landscape,Guiding Block Ubin Line ,Guiding Block Ubin Line ,1054.0,PCS,,,11594000.0,14271000.0,Transfer ,Santi,16/04/2026,Rp3.501.300,21/05/2026,Rp10.769.700,,,,,,,,,,,,,,,,,,,,,14271000.0,0.0,Diterima Futake,0.0,https://futakesistem.com/web#cids=1&menu_id=337&action=506&active_id=84&model=project.task&view_type=form&id=111410,False,2026-04
2026-04-15,P00059,S00319,,,CV Agung Mulia ,83866373384,Street Furniture & Landscape,Guiding Block Ubin Dot ,Guiding Block Ubin Dot ,7.0,PCS,,,77000.0,,Transfer ,Santi,,,,,,,,,,,,,,,,,,,,,,,,,0.0,0.0,Diterima Futake,0.0,https://futakesistem.com/web#cids=1&menu_id=337&action=506&active_id=84&model=project.task&view_type=form&id=111410,False,2026-04
2026-04-15,P00059,S00319,,,CV Agung Mulia ,83866373384,Street Furniture & Landscape,Ongkos Truck,Ongkos Truck,1.0,RIT ,,,2600000.0,,Transfer ,Santi,,,,,,,,,,,,,,,,,,,,,,,,,0.0,0.0,Diterima Futake,0.0,https://futakesistem.com/web#cids=1&menu_id=337&action=506&active_id=84&model=project.task&view_type=form&id=111410,False,2026-04
2026-04-15,P00062 ,S00323,,,Fomac ,8123239988,Alat Usaha & Perlengkapan Rumah Tangga,Alat Cetak Sosis ,Alat Cetak Sosis ,1.0,UNIT ,Revisi harga,,2892708.0,2892708.0,Transfer ,Anis,16/04/2026,Rp2.062.627,06/05/2026,Rp830.081,,,,,,,,,,,,,,,,,,,,,2892708.0,0.0,Diterima Futake,0.0,http://futakesistem.com/mail/view?model=project.task&res_id=111952&access_token=93b55610-4b4e-41b7-be2b-b82b840fb607,False,2026-04
2026-04-17,P00063,STOCK ,,,Kembar Teknika,82112123377,Alat Usaha & Perlengkapan Rumah Tangga,Toples Kaca 4 No. 2 ,Toples Kaca 4 No. 2 ,10.0,PCS,,,880000.0,,Cash,Stock,17/04/2026,Rp880.000,,,,,,,,,,,,,,,,,,,,,,,880000.0,0.0,Diterima Futake,0.0,STOCK ,False,2026-04
2026-04-17,P00064 ,S00329,,,PT Surya Utama Metalindo ,82310999956,Street Furniture & Landscape,Grating 320 x 1000 mm ,Grating 320 x 1000 mm ,33.0,PCS,,,17463600.0,20983759.0,Transfer ,Swastika,18/04/2026,Rp6.295.128,28/04/2026,Rp14.688.631,,,,,,,,,,,,,,,,,,,,,20983759.0,0.0,Diterima Futake,0.0,http://futakesistem.com/mail/view?model=project.task&res_id=111082&access_token=5fde65b1-b2bb-482d-b8d0-71cb34f1e50e,False,2026-04
2026-04-17,P00064 ,S00329,,,PT Surya Utama Metalindo ,82310999956,Street Furniture & Landscape,Grating 320 x 640 mm ,Grating 320 x 640 mm ,1.0,PCS,,,338099.0,,Transfer ,Swastika,,,,,,,,,,,,,,,,,,,,,,,,,0.0,0.0,Diterima Futake,0.0,http://futakesistem.com/mail/view?model=project.task&res_id=111082&access_token=5fde65b1-b2bb-482d-b8d0-71cb34f1e50e,False,2026-04
2026-04-17,P00064,S00329,,,PT Surya Utama Metalindo ,82310999956,Street Furniture & Landscape,Grating 320 x 300 mm ,Grating 320 x 300 mm ,1.0,PCS,,,157780.0,,Transfer ,Swastika,,,,,,,,,,,,,,,,,,,,,,,,,0.0,0.0,Diterima Futake,0.0,http://futakesistem.com/mail/view?model=project.task&res_id=111082&access_token=5fde65b1-b2bb-482d-b8d0-71cb34f1e50e,False,2026-04
2026-04-17,P00064,S00329,,,PT Surya Utama Metalindo ,82310999956,Street Furniture & Landscape,Grating 320 x 285 mm ,Grating 320 x 285 mm ,1.0,PCS,,,149940.0,,Transfer ,Swastika,,,,,,,,,,,,,,,,,,,,,,,,,0.0,0.0,Diterima Futake,0.0,http://futakesistem.com/mail/view?model=project.task&res_id=111082&access_token=5fde65b1-b2bb-482d-b8d0-71cb34f1e50e,False,2026-04
2026-04-17,P00064,S00329,,,PT Surya Utama Metalindo ,82310999956,Street Furniture & Landscape,Grating 320 x 980 mm ,Grating 320 x 980 mm ,1.0,PCS,,,515480.0,,Transfer ,Swastika,,,,,,,,,,,,,,,,,,,,,,,,,0.0,0.0,Diterima Futake,0.0,http://futakesistem.com/mail/view?model=project.task&res_id=111082&access_token=5fde65b1-b2bb-482d-b8d0-71cb34f1e50e,False,2026-04
2026-04-17,P00064,S00329,,,PT Surya Utama Metalindo ,82310999956,Street Furniture & Landscape,Grating 320 x 450 mm ,Grating 320 x 450 mm ,1.0,PCS,,,237160.0,,Transfer ,Swastika,,,,,,,,,,,,,,,,,,,,,,,,,0.0,0.0,Diterima Futake,0.0,http://futakesistem.com/mail/view?model=project.task&res_id=111082&access_token=5fde65b1-b2bb-482d-b8d0-71cb34f1e50e,False,2026-04
2026-04-17,P00064,S00329,,,PT Surya Utama Metalindo ,82310999956,Street Furniture & Landscape,Grating 320 x 140 mm ,Grating 320 x 140 mm ,1.0,PCS,,,78400.0,,Transfer ,Swastika,,,,,,,,,,,,,,,,,,,,,,,,,0.0,0.0,Diterima Futake,0.0,http://futakesistem.com/mail/view?model=project.task&res_id=111082&access_token=5fde65b1-b2bb-482d-b8d0-71cb34f1e50e,False,2026-04
2026-04-17,P00064,S00329,,,PT Surya Utama Metalindo ,82310999956,Street Furniture & Landscape,Grating 320 x 410 mm ,Grating 320 x 410 mm ,1.0,PCS,,,215600.0,,Transfer ,Swastika,,,,,,,,,,,,,,,,,,,,,,,,,0.0,0.0,Diterima Futake,0.0,http://futakesistem.com/mail/view?model=project.task&res_id=111082&access_token=5fde65b1-b2bb-482d-b8d0-71cb34f1e50e,False,2026-04
2026-04-17,P00064,S00329,,,PT Surya Utama Metalindo ,82310999956,Street Furniture & Landscape,Grating 320 x 830 mm ,Grating 320 x 830 mm ,1.0,PCS,,,437080.0,,Transfer ,Swastika,,,,,,,,,,,,,,,,,,,,,,,,,0.0,0.0,Diterima Futake,0.0,http://futakesistem.com/mail/view?model=project.task&res_id=111082&access_token=5fde65b1-b2bb-482d-b8d0-71cb34f1e50e,False,2026-04
2026-04-17,P00064,S00329,,,PT Surya Utama Metalindo ,82310999956,Street Furniture & Landscape,Grating 320 x 580 mm ,Grating 320 x 580 mm ,1.0,PCS,,,305760.0,,Transfer ,Swastika,,,,,,,,,,,,,,,,,,,,,,,,,0.0,0.0,Diterima Futake,0.0,http://futakesistem.com/mail/view?model=project.task&res_id=111082&access_token=5fde65b1-b2bb-482d-b8d0-71cb34f1e50e,False,2026-04
2026-04-17,P00064,S00329,,,PT Surya Utama Metalindo ,82310999956,Street Furniture & Landscape,Grating 320 x 420 mm ,Grating 320 x 420 mm ,1.0,PCS,,,221480.0,,Transfer ,Swastika,,,,,,,,,,,,,,,,,,,,,,,,,0.0,0.0,Diterima Futake,0.0,http://futakesistem.com/mail/view?model=project.task&res_id=111082&access_token=5fde65b1-b2bb-482d-b8d0-71cb34f1e50e,False,2026-04
2026-04-17,P00064,S00329,,,PT Surya Utama Metalindo ,82310999956,Street Furniture & Landscape,Grating 320 x 600 mm ,Grating 320 x 600 mm ,1.0,PCS,,,315560.0,,Transfer ,Swastika,,,,,,,,,,,,,,,,,,,,,,,,,0.0,0.0,Diterima Futake,0.0,http://futakesistem.com/mail/view?model=project.task&res_id=111082&access_token=5fde65b1-b2bb-482d-b8d0-71cb34f1e50e,False,2026-04
2026-04-17,P00064,S00329,,,PT Surya Utama Metalindo ,82310999956,Street Furniture & Landscape,Grating 320 x 280 mm ,Grating 320 x 280 mm ,1.0,PCS,,,147980.0,,Transfer ,Swastika,,,,,,,,,,,,,,,,,,,,,,,,,0.0,0.0,Diterima Futake,0.0,http://futakesistem.com/mail/view?model=project.task&res_id=111082&access_token=5fde65b1-b2bb-482d-b8d0-71cb34f1e50e,False,2026-04
2026-04-17,P00064,S00329,,,PT Surya Utama Metalindo ,82310999956,Street Furniture & Landscape,Grating 320 x 760 mm ,Grating 320 x 760 mm ,1.0,PCS,,,399840.0,,Transfer ,Swastika,,,,,,,,,,,,,,,,,,,,,,,,,0.0,0.0,Diterima Futake,0.0,http://futakesistem.com/mail/view?model=project.task&res_id=111082&access_token=5fde65b1-b2bb-482d-b8d0-71cb34f1e50e,False,2026-04
2026-04-17,P00064,S00329,,,PT Surya Utama Metalindo ,82310999956,Street Furniture & Landscape,PAJAK ,PAJAK ,1.0,PCS,,,2308215.0,2308215.0,Transfer ,Swastika,18/04/2026,Rp2.308.215,,,,,,,,,,,,,,,,,,,,,,,2308215.0,0.0,Diterima Futake,0.0,http://futakesistem.com/mail/view?model=project.task&res_id=111082&access_token=5fde65b1-b2bb-482d-b8d0-71cb34f1e50e,False,2026-04
2026-04-17,P00064,S00329,,,PT Surya Utama Metalindo ,82310999956,Street Furniture & Landscape,Ongkos Kirim ,Ongkos Kirim ,1.0,UNIT ,,,2800000.0,2800000.0,Transfer ,Swastika,29/04/2026,Rp2.800.000,,,,,,,,,,,,,,,,,,,,,,,2800000.0,0.0,Diterima Futake,0.0,http://futakesistem.com/mail/view?model=project.task&res_id=111082&access_token=5fde65b1-b2bb-482d-b8d0-71cb34f1e50e,False,2026-04
2026-04-21,P00067,S00009,21/04/2026,07/05/2026,Kembar Jaya,85185981865,Street Furniture & Landscape,Manhole Bulat Smart Forest ,Manhole Bulat Smart Forest (FCD DC),2.0,PCS,,,11500000.0,12900000.0,Transfer ,Fajar,21/04/2026,Rp3.870.000,29/05/2026,Rp4.500.000,,,,,,,,,,,,,,,,,,,,,8370000.0,4530000.0,Diterima Futake,,http://futakesistem.com/mail/view?model=project.task&res_id=112164&access_token=2ab7366f-ae48-4098-9b3f-e8afad33e3f9,False,2026-04
2026-04-21,P00067,S00009,21/04/2026,07/05/2026,Kembar Jaya,85185981865,Street Furniture & Landscape,Biaya Matras ,Biaya Matras ,1.0,PCS,,,1400000.0,,Transfer ,Fajar,,,,,,,,,,,,,,,,,,,,,,,,,0.0,0.0,Diterima Futake,0.0,http://futakesistem.com/mail/view?model=project.task&res_id=112164&access_token=2ab7366f-ae48-4098-9b3f-e8afad33e3f9,False,2026-04
2026-04-22,P00070,S00126 ,,,CV Cipta Flora Asri ,8112510559,Street Furniture & Landscape,Lapangan Mini Soccer Sekolah Rakyat ,Lapangan Mini Soccer Sekolah Rakyat ,1.0,UNIT ,,,576695790.0,576695790.0,Transfer ,Santi,22/04/2026,Rp30.000.000,23/04/2026,Rp20.000.000,29/4/2026,50.000.000,30/4/2026,50.000.000,14/5/2026,10.000.000,18/5/2026,10.000.000,05/19/2026,3.008.737,20/5/2026,250.000.000,21/5/2026,9.153.105,,,,,,,432161842.0,144533948.0,Belum Diterima Futake,0.0,https://futakesistem.com/web#id=16279&cids=1&menu_id=141&action=209&model=crm.lead&view_type=form,False,2026-04
2026-04-22,P00071,STOCK ,,,Bintang Steel (Pak Dandung),62 812-2588-5220,Alat Usaha & Perlengkapan Rumah Tangga,Dandang 25 Liter Berkeran ,Dandang 25 Liter Berkeran ,10.0,PCS,,,1450000.0,3650000.0,Transfer ,Stock,23/04/2026,Rp1.095.000,02/05/2026,Rp2.555.000,,,,,,,,,,,,,,,,,,,,,3650000.0,0.0,Diterima Futake,0.0,STOCK ,False,2026-04
2026-04-22,P00071,STOCK ,,,Bintang Steel (Pak Dandung),62 812-2588-5220,Alat Usaha & Perlengkapan Rumah Tangga,Dandang 50 Liter Berkeran ,Dandang 50 Liter Berkeran ,10.0,PCS,,,2200000.0,,Transfer ,Stock,,,,,,,,,,,,,,,,,,,,,,,,,0.0,0.0,Diterima Futake,0.0,STOCK ,False,2026-04
2026-04-22,P00072,S00338,22/04/2026,30/04/2026,MF Antik,62 812-1506-204,Street Furniture & Landscape,Lampu Dinding Custom,Lampu Dinding Custom,3.0,PCS,,,2100000.0,2600000.0,Transfer ,Swastika,23/04/2026,Rp780.000,30/04/2026,Rp1.820.000,,,,,,,,,,,,,,,,,,,,,2600000.0,0.0,Diterima Futake,0.0,http://futakesistem.com/mail/view?model=project.task&res_id=112031&access_token=65176ab4-9924-422d-ad80-74c6b6b68031,False,2026-04
2026-04-22,P00072,S00338,22/04/2026,30/04/2026,MF Antik,62 812-1506-204,Street Furniture & Landscape,Biaya Matras ,Biaya Matras ,1.0,PCS,,,500000.0,,Transfer ,Swastika,,,,,,,,,,,,,,,,,,,,,,,,,0.0,0.0,Diterima Futake,0.0,http://futakesistem.com/mail/view?model=project.task&res_id=112031&access_token=65176ab4-9924-422d-ad80-74c6b6b68031,False,2026-04
2026-04-22,P00073,S00335 ,22/04/2026,27/04/2026,MF Antik,62 812-1506-204,Street Furniture & Landscape,Kursi taman cor besi ,Kursi taman cor besi (kursi merak),1.0,UNIT ,,,3500000.0,3500000.0,Transfer ,Fajar,23/04/2026,Rp1.050.000,05/05/2026,Rp2.450.000,,,,,,,,,,,,,,,,,,,,,3500000.0,0.0,Diterima Futake,0.0,http://futakesistem.com/mail/view?model=project.task&res_id=112157&access_token=0bc7f75c-162b-4241-92f1-9335e47f812c,False,2026-04
2026-04-24,P00074,STOCK ,,,Pak Fuad Hasan CV AJT ,8562734527,Street Furniture & Landscape,"Roofdrain 2 Susun Cembung 3""","Roofdrain 2 Susun Cembung 3""",100.0,PCS,,,3850000.0,8000000.0,Transfer ,Stock,24/04/2026,Rp2.400.000,28/04/0206,Rp5.600.000,,,,,,,,,,,,,,,,,,,,,8000000.0,0.0,Diterima Futake,0.0,STOCK ,False,2026-04
2026-04-24,P00074,STOCK ,,,Pak Fuad Hasan CV AJT ,8562734527,Street Furniture & Landscape,"Roofdrain 2 Susun Cembung 4""","Roofdrain 2 Susun Cembung 4""",100.0,PCS,,,4150000.0,,Transfer ,Stock,,,,,,,,,,,,,,,,,,,,,,,,,0.0,0.0,Diterima Futake,0.0,STOCK ,False,2026-04
2026-04-24,P00075,S00339,24/04/2026,16/05/2026,Kembar Teknika,81234567890,Street Furniture & Landscape,Manhole Damkar 600 x 60 ,Manhole Damkar 600 x 60 ,30.0,PCS,,,40500000.0,40500000.0,Transfer ,Fajar,24/04/2026,Rp12.150.000,14/05/2026,Rp28.350.000,,,,,,,,,,,,,,,,,,,,,40500000.0,0.0,Diterima Futake,0.0,http://futakesistem.com/mail/view?model=project.task&res_id=112128&access_token=b6559670-b6b1-4e24-a324-82dac57540ca,False,2026-04
2026-04-24,P00076,S00342,,,CV Agung Mulia ,62 838-6637-3384,Street Furniture & Landscape,Batu Andesit Bakar 30 x 30 x 30 ,Batu Andesit Bakar 30 x 30 x 30 ,3000.0,PCS,,,600000000.0,600000000.0,Transfer ,Swastika,29/04/2026,Rp66.000.000,30/04/2026,66.000.000,30/4/2026,66.000.000,2/5/2026,66.000.000,2/5/2026,66.000.000,4/5/2026,66.000.000,8/5/2026,10.000.000,12/5/20226,30.000.000,13/5/2026,26.000.000,14/5/2026,10.000.000,18/5/2026,10.000.000,26/5/2026,46.000.000,594000000.0,6000000.0,Belum Diterima Futake,0.0,https://futakesistem.com/web#id=112076&cids=1&menu_id=337&action=506&active_id=84&model=project.task&view_type=form https://futakesistem.com/web#id=112077&cids=1&menu_id=337&action=506&active_id=84&model=project.task&view_type=form ,False,2026-04
2026-04-24,P00076,S00342,,,CV Agung Mulia ,62 838-6637-3384,Street Furniture & Landscape,Batu Andesit Bakar 30 x 30 x 30 ,Batu Andesit Bakar 30 x 30 x 30 ,3000.0,PCS,,,,,Transfer ,Swastika,29/05/2026,Rp66.000.000,,,,,,,,,,,,,,,,,,,,,,,,,Belum Diterima Futake,0.0,https://futakesistem.com/web#id=112076&cids=1&menu_id=337&action=506&active_id=84&model=project.task&view_type=form https://futakesistem.com/web#id=112077&cids=1&menu_id=337&action=506&active_id=84&model=project.task&view_type=form ,False,2026-04
2026-04-24,P00076,S00342,,,CV Agung Mulia ,62 838-6637-3384,Street Furniture & Landscape,Ongkos Kontainer ,Ongkos Kontainer ,9.0,RIT ,,,252000000.0,252000000.0,Transfer ,Swastika,29/04/2026,Rp28.000.000,30/04/2026,Rp28.000.000,30/04/2026,Rp28.000.000,2/5/2026,28.000.000,2/5/2026,28.000.000,05/19/2026,28.000.000,25/5/2026,56.000.000,30/5/2026,28.000.000,,,,,,,,,252000000.0,0.0,Diterima Futake,0.0,https://futakesistem.com/web#id=112076&cids=1&menu_id=337&action=506&active_id=84&model=project.task&view_type=form https://futakesistem.com/web#id=112077&cids=1&menu_id=337&action=506&active_id=84&model=project.task&view_type=form ,False,2026-04
2026-04-24,P00076,S00342,,,CV Agung Mulia ,62 838-6637-3384,Street Furniture & Landscape,Ongkos Truck,Ongkos Truck,1.0,RIT ,,,16700000.0,16700000.0,Transfer ,Swastika,30/05/2026,Rp16.700.000,,,,,,,,,,,,,,,,,,,,,,,16700000.0,0.0,Diterima Futake,0.0,https://futakesistem.com/web#id=112076&cids=1&menu_id=337&action=506&active_id=84&model=project.task&view_type=form https://futakesistem.com/web#id=112077&cids=1&menu_id=337&action=506&active_id=84&model=project.task&view_type=form ,False,2026-04
2026-04-25,P00077,S00341,25/04/2026,30/04/2026,MF Antik,62 812-1506-204,Street Furniture & Landscape,Tiang Petunjuk Arah Cabang 4 Non Tulisan ,Tiang Petunjuk Arah Cabang 4 Non Tulisan ,1.0,PCS,,,2600000.0,2600000.0,Transfer ,Anis,27/04/2026,Rp780.000,02/05/2026,Rp1.820.000,,,,,,,,,,,,,,,,,,,,,2600000.0,0.0,Diterima Futake,0.0,http://futakesistem.com/mail/view?model=project.task&res_id=112213&access_token=dfc0d71b-8c95-448c-8e5c-34a16612dd48,False,2026-04
2026-04-27,P00078,S00343,27/04/2026,15/05/2026,Kembar Teknika,81234567890,Alat Usaha & Perlengkapan Rumah Tangga,Hotplate Custom Non Cukit dan Kayu,Hotplate Custom Non Cukit dan Kayu,10.0,PCS,,,400000.0,400000.0,,Anis,18/05/2026,Rp400.000,,,,,,,,,,,,,,,,,,,,,,,400000.0,0.0,Diterima Futake,0.0,http://futakesistem.com/mail/view?model=project.task&res_id=112095&access_token=ac590cab-0c82-40df-8a58-ba9ad05a0483,False,2026-04
2026-04-27,P00079,REHABILITASI ,,,Futastone,62823-2220-4090,Street Furniture & Landscape,Jasa Pekerjaan Maintenance Pembersihan Tanaman dan Teras Depan Futake,Jasa Pekerjaan Maintenance Pembersihan Tanaman dan Teras Depan Futake,1.0,UNIT ,,,6092515.0,6092515.0,Transfer ,,25/04/2026,6.092.515,,,,,,,,,,,,,,,,,,,,,,,6092515.0,0.0,Diterima Futake,0.0,Rehabilitasi Halaman Futake ,False,2026-04
2026-04-27,P00080,STOCK ,,,Pak Fuad Hasan CV AJT ,8562734527,Street Furniture & Landscape,"Roofdrain 2 Susun Datar 3""","Roofdrain 2 Susun Datar 3""",100.0,PCS,,,3850000.0,8000000.0,Transfer ,Stock,28/04/2026,Rp2.400.000,02/05/2026,Rp5.600.000,,,,,,,,,,,,,,,,,,,,,8000000.0,0.0,Diterima Futake,0.0,STOCK ,False,2026-04
2026-04-27,P00080,STOCK ,,,Pak Fuad Hasan CV AJT ,8562734527,Street Furniture & Landscape,"Roofdrain 2 Susun Datar 4""","Roofdrain 2 Susun Datar 4""",100.0,PCS,,,4150000.0,,,Stock,,,,,,,,,,,,,,,,,,,,,,,,,0.0,0.0,Diterima Futake,0.0,STOCK ,False,2026-04
2026-04-27,P00081,S02615 ,27/04/2026,15/05/2026,Kembar Teknika,81234567890,Street Furniture & Landscape,Bollard Sleman ,Bollard Sleman ,3.0,PCS,revisi qty ,,5145000.0,5145000.0,Transfer ,Anis,28/04/2026,Rp1.029.000,15/05/2026,Rp4.116.000,,,,,,,,,,,,,,,,,,,,,5145000.0,0.0,Diterima Futake,0.0,http://futakesistem.com/mail/view?model=project.task&res_id=112286&access_token=b1e7602e-6d57-4a39-8e07-643eebb13892,False,2026-04
2026-04-28,P00082,S00362,28/04/2026,04/05/2026,Reyhan Besi Jaya ,62 878-7575-6392,Street Furniture & Landscape,Cetakan Buis Beton RCP ,Cetakan Buis Beton RCP Uk. 30 x 120 tebal beton 4 cm ,1.0,PCS,,,2970000.0,2970000.0,Transfer ,Santi,29/04/2026,Rp891.000,09/05/2026,Rp2.079.000,,,,,,,,,,,,,,,,,,,,,2970000.0,0.0,Diterima Futake,0.0,http://futakesistem.com/mail/view?model=project.task&res_id=112295&access_token=057d49f5-c66f-4041-8605-5c672e6455b3,False,2026-04
2026-04-29,P00083,STOCK ,,,Bintang Steel (Pak Dandung),62 812-2588-5220,Alat Usaha & Perlengkapan Rumah Tangga,Dandang 25 Liter Berkeran ,Dandang 25 Liter Berkeran ,10.0,PCS,,,1450000.0,3650000.0,Transfer ,Stock,30/04/2026,Rp1.095.000,05/05/2026,Rp2.555.000,,,,,,,,,,,,,,,,,,,,,3650000.0,0.0,Diterima Futake,0.0,STOCK ,False,2026-04
2026-04-29,P00083,STOCK ,,,Bintang Steel (Pak Dandung),62 812-2588-5220,Alat Usaha & Perlengkapan Rumah Tangga,Dandang 50 Liter Berkeran ,Dandang 50 Liter Berkeran ,10.0,PCS,,,2200000.0,,Transfer ,Stock,,,,,,,,,,,,,,,,,,,,,,,,,0.0,0.0,Diterima Futake,0.0,STOCK ,False,2026-04
2026-04-29,P00084,S00537,,,WM Beton ,81329100957,Street Furniture & Landscape,Roster Putih SR Yogyakarta ,Roster Putih SR Yogyakarta ,2000.0,PCS,,,12000000.0,12000000.0,Transfer ,Syaiful ,29/03/2026,Rp6.000.000,08/05/2026,Rp6.000.000,,,,,,,,,,,,,,,,,,,,,12000000.0,0.0,Diterima Futake,0.0,https://futakesistem.com/web#id=112158&cids=1&menu_id=337&action=506&active_id=84&model=project.task&view_type=form,False,2026-04
2026-04-29,P00084,S00537,,,WM Beton ,81329100957,Street Furniture & Landscape,Ongkos Kirim ,Ongkos Kirim ,1.0,RIT ,,,1700000.0,1700000.0,Transfer ,Syaiful ,08/05/2026,Rp1.700.000,,,,,,,,,,,,,,,,,,,,,,,1700000.0,0.0,Diterima Futake,0.0,https://futakesistem.com/web#id=112158&cids=1&menu_id=337&action=506&active_id=84&model=project.task&view_type=form,False,2026-04
2026-04-29,P00085,S00451,30/04/2026,12/04/2026,Kembar Jaya,85185981865,Street Furniture & Landscape,Grill Chamber uk. 31x50 cm FC,Grill Chamber uk. 31x50 cm FC,8.0,UNIT ,,,2000000.0,2325000.0,Transfer ,Anis,02/05/2026,Rp697.500,18/05/2026,Rp1.627.500,,,,,,,,,,,,,,,,,,,,,2325000.0,0.0,Belum Diterima Futake,0.0,https://futakesistem.com/web#id=112310&cids=1&menu_id=337&action=506&active_id=84&model=project.task&view_type=form,False,2026-04
2026-04-29,P00085,S00451,30/04/2026,12/04/2026,Kembar Jaya,85185981865,Street Furniture & Landscape,Biaya Matras ,Biaya Matras ,1.0,PCS,,,325000.0,,Transfer ,Anis,,,,,,,,,,,,,,,,,,,,,,,,,0.0,0.0,Belum Diterima Futake,0.0,https://futakesistem.com/web#id=112310&cids=1&menu_id=337&action=506&active_id=84&model=project.task&view_type=form,False,2026-04
2026-04-29,P00086,S00450,30/04/4026,13/05/2026,Futastone,62 823-2220-4090,Street Furniture & Landscape,"Bollard Teraso 23 x 23 cm, tinggi 100 cm","Bollard Teraso 23 x 23 cm, tinggi 100 cm",8.0,PCS,,,5280000.0,5280000.0,Transfer ,Syaiful ,02/05/2026,Rp1.584.000,19/05/2026,Rp3.696.000,,,,,,,,,,,,,,,,,,,,,5280000.0,0.0,Belum Diterima Futake,0.0,https://futakesistem.com/web#id=111961&cids=1&menu_id=337&action=506&active_id=84&model=project.task&view_type=form,False,2026-04
2026-04-29,P00087,STOCK ,,,Pak Fuad Hasan CV AJT ,8562734527,Street Furniture & Landscape,"Roofdrain 2 Susun Datar 2"" ","Roofdrain 2 Susun Datar 2"" ",100.0,PCS,,,3650000.0,15650000.0,Transfer ,Stock,30/04/2026,Rp4.695.000,05/05/2026,Rp10.955.000,,,,,,,,,,,,,,,,,,,,,15650000.0,0.0,Diterima Futake,0.0,STOCK ,False,2026-04
2026-04-29,P00087,STOCK ,,,Pak Fuad Hasan CV AJT ,8562734527,Street Furniture & Landscape,"Roofdrain 2 Susun Cembung 3""","Roofdrain 2 Susun Cembung 3""",150.0,PCS,,,5775000.0,,Transfer ,Stock,,,,,,,,,,,,,,,,,,,,,,,,,0.0,0.0,Diterima Futake,0.0,STOCK ,False,2026-04
2026-04-29,P00087,STOCK ,,,Pak Fuad Hasan CV AJT ,8562734527,Street Furniture & Landscape,"Roofdrain 2 Susun Cembung 4""","Roofdrain 2 Susun Cembung 4""",150.0,PCS,,,6225000.0,,Transfer ,Stock,,,,,,,,,,,,,,,,,,,,,,,,,0.0,0.0,Diterima Futake,0.0,STOCK ,False,2026-04
2026-04-30,P00088,S00537,,,Mulya Mahkota Roster ,82138900137,Street Furniture & Landscape,Roster Putih SR Yogyakarta ,Roster Putih SR Yogyakarta ,500.0,PCS,,,3750000.0,3750000.0,Transfer ,Syaiful ,29/04/2026,Rp500.000,30/04/2026,Rp3.250.000,,,,,,,,,,,,,,,,,,,,,3750000.0,0.0,Diterima Futake,0.0,https://futakesistem.com/web#id=112158&cids=1&menu_id=337&action=506&active_id=84&model=project.task&view_type=form,False,2026-04
2026-04-30,P00089,S00537,,,WM Beton ,81329100957,Street Furniture & Landscape,Roster Putih SR Yogyakarta ,Roster Putih SR Yogyakarta ,700.0,PCS,,,4200000.0,4200000.0,Transfer ,Syaiful ,30/04/2026,Rp4.200.000,,,,,,,,,,,,,,,,,,,,,,,4200000.0,0.0,Diterima Futake,0.0,https://futakesistem.com/web#id=112158&cids=1&menu_id=337&action=506&active_id=84&model=project.task&view_type=form,False,2026-04
2026-04-30,P00090,S00493,30/04/2026,14/05/2026,Bapak Antok,0812-1706-3264,Street Furniture & Landscape,Bollard Custom ,Bollard Custom ,1.0,PCS,Revisi ukuran & qty ,14/5/2026,800000.0,8450000.0,Transfer ,Swastika,02/05/2026,Rp1.680.000,,,,,,,,,,,,,,,,,,,,,,,1680000.0,6770000.0,Diterima Futake,6770000.0,http://futakesistem.com/mail/view?model=project.task&res_id=111380&access_token=ca9e818d-947b-4481-a67a-fd4641a82272,False,2026-04
2026-04-30,P00090,S00493,30/04/2026,14/05/2026,Bapak Antok,0812-1706-3264,Street Furniture & Landscape,Bollard Custom ,Bollard Custom Revisi Tinggi 75cm ,9.0,PCS,,,7650000.0,,Transfer ,Swastika,,,,,,,,,,,,,,,,,,,,,,,,,0.0,0.0,Diterima Futake,0.0,http://futakesistem.com/mail/view?model=project.task&res_id=111380&access_token=ca9e818d-947b-4481-a67a-fd4641a82272,False,2026-04
2026-04-30,P00091,S00472,30/04/2026,08/05/2026,MF Antik,62 812-1506-204,Street Furniture & Landscape,Kursi Taman UNDIP ,Kursi Taman UNDIP ,6.0,PCS,,,12900000.0,12900000.0,Transfer ,Fajar,02/05/2026,Rp3.870.000,13/05/2026,Rp9.030.000,,,,,,,,,,,,,,,,,,,,,12900000.0,0.0,Diterima Futake,0.0,http://futakesistem.com/mail/view?model=project.task&res_id=112323&access_token=138b63c9-f1ac-4ae4-8054-2736db7c9874,False,2026-04
2026-05-02,P00092,STOCK ,,,TS Alumunium Pak Teguh Basuki ,81392989724,Alat Usaha & Perlengkapan Rumah Tangga,Wajan Aluminium Putih Tipis No.13,Wajan Aluminium Putih Tipis No.13,100.0,PCS,,,2800000.0,41320000.0,Transfer ,Stock,04/05/2026,Rp41.320.000,,,,,,,,,,,,,,,,,,,,,,,41320000.0,0.0,Diterima Futake,0.0,STOCK ,False,2026-05
2026-05-02,P00092,STOCK ,,,TS Alumunium Pak Teguh Basuki ,81392989724,Alat Usaha & Perlengkapan Rumah Tangga,Wajan Aluminium Putih Tipis No.14,Wajan Aluminium Putih Tipis No.14,180.0,PCS,,,6345000.0,,Transfer ,Stock,,,,,,,,,,,,,,,,,,,,,,,,,0.0,0.0,Diterima Futake,0.0,STOCK ,False,2026-05
2026-05-02,P00092,STOCK ,,,TS Alumunium Pak Teguh Basuki ,81392989724,Alat Usaha & Perlengkapan Rumah Tangga,Wajan Aluminium Putih Tebal No.14,Wajan Aluminium Putih Tebal No.14,220.0,PCS,,,12870000.0,,Transfer ,Stock,,,,,,,,,,,,,,,,,,,,,,,,,0.0,0.0,Diterima Futake,0.0,STOCK ,False,2026-05
2026-05-02,P00092,STOCK ,,,TS Alumunium Pak Teguh Basuki ,81392989724,Alat Usaha & Perlengkapan Rumah Tangga,Wajan Aluminium Polish Tipis No. 13,Wajan Aluminium Polish Tipis No. 13,60.0,PCS,,,1755000.0,,Transfer ,Stock,,,,,,,,,,,,,,,,,,,,,,,,,0.0,0.0,Diterima Futake,0.0,STOCK ,False,2026-05
2026-05-02,P00092,STOCK ,,,TS Alumunium Pak Teguh Basuki ,81392989724,Alat Usaha & Perlengkapan Rumah Tangga,Wajan Aluminium Polish Tipis No. 14,Wajan Aluminium Polish Tipis No. 14,180.0,PCS,,,6570000.0,,Transfer ,Stock,,,,,,,,,,,,,,,,,,,,,,,,,0.0,0.0,Diterima Futake,0.0,STOCK ,False,2026-05
2026-05-02,P00092,STOCK ,,,TS Alumunium Pak Teguh Basuki ,81392989724,Alat Usaha & Perlengkapan Rumah Tangga,Wajan Aluminium Polish Tebal No.14,Wajan Aluminium Polish Tebal No.14,180.0,PCS,,,10980000.0,,Transfer ,Stock,,,,,,,,,,,,,,,,,,,,,,,,,0.0,0.0,Diterima Futake,0.0,STOCK ,False,2026-05
2026-05-04,P00093,S00520,05/05/2026,16/05/2026,Kembar Jaya,85185981865,Street Furniture & Landscape,Grill Chamber 39x100x3 cm beban 20T,Grill Chamber 39x100x3 cm beban 20T,4.0,PCS,,,3200000.0,3200000.0,Transfer ,Anis,05/05/2026,Rp960.000,20/05/2026,Rp2.240.000,,,,,,,,,,,,,,,,,,,,,3200000.0,0.0,Diterima Futake,0.0,https://futakesistem.com/web#id=111818&cids=1&menu_id=337&action=506&active_id=84&model=project.task&view_type=form,False,2026-05
2026-05-04,P00094,S00536,,,Bapak Antok,0812-1706-3264,Alat Usaha & Perlengkapan Rumah Tangga,Service Mesin Parut ,Service Mesin Parut ,1.0,UNIT ,,,400000.0,400000.0,Transfer ,Anis,23/05/2026,Rp400.000,,,,,,,,,,,,,,,,,,,,,,,400000.0,0.0,Diterima Futake,0.0,https://futakesistem.com/web#id=112367&cids=1&menu_id=337&action=506&active_id=84&model=project.task&view_type=form,False,2026-05
2026-05-04,P00095,S00535,,,Reyhan Besi Jaya ,62 878-7575-6392,Street Furniture & Landscape,Cetakan Buis Beton RCP ,Cetakan Buis Beton RCP Uk. 40 x 120 Tebal 5cm ,1.0,PCS,,,3150000.0,3150000.0,Transfer ,Santi,04/05/2026,Rp945.000,09/05/2026,Rp2.205.000,,,,,,,,,,,,,,,,,,,,,3150000.0,0.0,Diterima Futake,0.0,https://futakesistem.com/web#id=112238&cids=1&menu_id=337&action=506&active_id=84&model=project.task&view_type=form,False,2026-05
2026-05-04,P00096,S00537,,,UD Sinar Mulia Surabaya ,81231354513,Art & Craft,Iron Oxide Merah 130b,Iron Oxide Merah Untuk Pewarna Roster,9.0,SAK ,,,7875000.0,7875000.0,Transfer ,Syaiful ,04/05/2026,Rp7.875.000,,,,,,,,,,,,,,,,,,,,,,,7875000.0,0.0,Diterima Futake,0.0,https://futakesistem.com/web#id=16868&cids=1&menu_id=141&action=209&model=crm.lead&view_type=form,False,2026-05
2026-05-05,P00097,S00537,,,WM Beton ,81329100957,Street Furniture & Landscape,Roster Putih SR Yogyakarta,Roster Putih SR Yogyakarta,45000.0,PCS,Revisi qty ,,270000000.0,270000000.0,Transfer ,Syaiful ,05/05/2026,Rp30.000.000,06/05/2026,Rp20.000.000,8/5/2026,10.000.000,12/5/2026,10.000.000,13/5/2026,10.000.000,14/5/2026,10.000.000,21/5/2026,10.000.000,25/5/2026,35.700.000,30/5/2026,15.900.000,,,,,,,151600000.0,118400000.0,Belum Diterima Futake,0.0,https://futakesistem.com/web#id=112158&cids=1&menu_id=337&action=506&active_id=84&model=project.task&view_type=form ,False,2026-05
2026-05-05,P00097,S00537,,,WM Beton ,81329100957,Street Furniture & Landscape,Ongkir ,Ongkir ,8.0,RIT ,,,13600000.0,13600000.0,Transfer ,Syaiful ,25/05/2026,Rp5.100.000,30/05/2026,Rp1.700.000,,,,,,,,,,,,,,,,,,,,,6800000.0,6800000.0,Belum Diterima Futake,0.0,https://futakesistem.com/web#id=112158&cids=1&menu_id=337&action=506&active_id=84&model=project.task&view_type=form ,False,2026-05
2026-05-05,P00098,S00537,,,Futastone,62 823-2220-4090,Street Furniture & Landscape,Roaster Teracotta SR Yogyakarta,Roaster Teracotta SR Yogyakarta,41122.0,PCS,,,246732000.0,320982000.0,Transfer ,Syaiful ,05/05/2026,Rp30.000.000,06/05/2026,Rp20.000.000,8/5/2026,10.000.000,12/5/2026,10.000.000,13/5/2026,10.000.000,14/5/2026,10.000.000,16/5/2026,10.000.000,21/5/2026,10.000.000,,,,,,,,,110000000.0,210982000.0,Belum Diterima Futake,0.0,https://futakesistem.com/web#id=112159&cids=1&menu_id=337&action=506&active_id=84&model=project.task&view_type=form,False,2026-05
2026-05-05,P00098,S00537,,,Futastone,62 823-2220-4090,Street Furniture & Landscape,Roster Putih SR Yogyakarta,Roster Putih SR Yogyakarta,12375.0,PCS,Revisi qty ,,74250000.0,,Transfer ,Syaiful ,,,,,,,,,,,,,,,,,,,,,,,,,0.0,0.0,Belum Diterima Futake,0.0,https://futakesistem.com/web#id=112158&cids=1&menu_id=337&action=506&active_id=84&model=project.task&view_type=form ,False,2026-05
2026-05-05,P00099,5/5/2026,05/05/2026,12/05/2026,MF Antik,62 812-1506-204,Street Furniture & Landscape,Umpak Tiang Lampu Puro Pakualaman besi cor,Umpak Tiang Lampu Puro Pakualaman besi cor,4.0,PCS,,,4000000.0,4000000.0,Transfer ,Syaiful ,05/05/2026,Rp1.200.000,16/05/1016,Rp2.800.000,,,,,,,,,,,,,,,,,,,,,4000000.0,0.0,Diterima Futake,0.0,https://futakesistem.com/web#cids=1&menu_id=337&action=506&active_id=84&model=project.task&view_type=form&id=111906,False,2026-05
2026-05-05,P00100,S00543,,,CV Agung Mulia ,83866373384,Street Furniture & Landscape,Andesit Bakar 10 x 10 x 10 cm,Andesit Bakar 10 x 10 x 10 cm,40.0,PCS,,,16800000.0,16800000.0,Transfer ,Syaiful ,05/05/2026,Rp5.040.000,13/05/2026,Rp11.760.000,,,,,,,,,,,,,,,,,,,,,16800000.0,0.0,Diterima Futake,0.0,https://futakesistem.com/web#id=112462&cids=1&menu_id=337&action=506&active_id=84&model=project.task&view_type=form,False,2026-05
2026-05-06,P00101,S00117,,,Futastone,62 823-2220-4090,Street Furniture & Landscape,Nursery Proyek SR Yogyakarta,Nursery Proyek SR Yogyakarta,1.0,SET ,,,3858000.0,3858000.0,Transfer ,Syaiful ,06/05/2026,Rp3.858.000,,,,,,,,,,,,,,,,,,,,,,,3858000.0,0.0,Diterima Futake,0.0,http://futakesistem.com/mail/view?model=project.task&res_id=112497&access_token=a0767e09-1f00-44b3-995b-374e014c7237,False,2026-05
2026-05-06,P00102,STOCK ,,,Kembar Teknika,62823-2220-1080,Alat Usaha & Perlengkapan Rumah Tangga,Toples Kaca 6 No. 1 ,Toples Kaca 6 No. 1 ,10.0,PCS,,,1150000.0,1150000.0,Transfer ,Stock,06/05/2026,1.150.000,,,,,,,,,,,,,,,,,,,,,,,1150000.0,0.0,Diterima Futake,0.0,STOCK ,False,2026-05
2026-05-07,P00103,S00547,07/05/2026,30/05/2026,PT. Panca Karya Wijaya ,8161163491,Street Furniture & Landscape,Tiang PJU Octagonal 7m ,Tiang PJU Octagonal 7m ,32.0,UNIT ,Revisi qty,26/5/2026,80000000.0,108000000.0,Transfer ,Syaiful ,07/05/2026,Rp10.000.000,13/05/2026,Rp10.000.000,18/5/2026,10.000.000,,,,,,,,,,,,,,,,,,,30000000.0,78000000.0,Belum Diterima Futake,0.0,https://futakesistem.com/web#id=112187&cids=1&menu_id=337&action=506&active_id=84&model=project.task&view_type=form,False,2026-05
2026-05-07,P00103,S00547,07/05/2026,30/05/2026,PT. Panca Karya Wijaya ,8161163491,Street Furniture & Landscape,Tiang PJU Octagonal 5m ,Tiang PJU Octagonal 5m ,14.0,UNIT ,Revisi qty,26/5/2026,28000000.0,,Transfer ,Syaiful ,,,,,,,,,,,,,,,,,,,,,,,,,0.0,0.0,Belum Diterima Futake,0.0,https://futakesistem.com/web#id=112187&cids=1&menu_id=337&action=506&active_id=84&model=project.task&view_type=form,False,2026-05
2026-05-07,P00104,S00549,,30/05/2026,CV Agung Mulia ,83866373384,Street Furniture & Landscape,Guiding Block Ubin Line 30 x 30 x 3,Guiding Block Ubin Line 30 x 30 x 3,4731.0,PCS,,,37848000.0,38496000.0,Transfer ,Santi,07/05/2026,Rp10.000.000,08/05/2026,Rp10.000.000,,,,,,,,,,,,,,,,,,,,,20000000.0,18496000.0,Diterima Futake,18496000.0,http://futakesistem.com/mail/view?model=project.task&res_id=112512&access_token=354de5e9-0fa7-40a8-9e1b-862b9e630a99,False,2026-05
2026-05-07,P00104,S00549,,,CV Agung Mulia ,83866373384,Street Furniture & Landscape,Guiding Block Ubin Dot 30 x 30 x 3,Guiding Block Ubin Dot 30 x 30 x 3,81.0,PCS,,,648000.0,,Transfer ,Santi,,,,,,,,,,,,,,,,,,,,,,,,,0.0,0.0,Diterima Futake,0.0,http://futakesistem.com/mail/view?model=project.task&res_id=112513&access_token=d6570ff8-9882-4d39-bfe0-84e96bb2d598,False,2026-05
2026-05-07,P00105,S00548,,,Teknika Jaya (Bu Yusri),85802773253,Mesin Tepat Guna,"Giboult Join for PVC P.20cm Uk. 2""","Giboult Join for PVC P.20cm Uk. 2""",49.0,PCS,,,6125000.0,17115000.0,Transfer ,Anis,07/05/2026,Rp5.134.500,,,,,,,,,,,,,,,,,,,,,,,5134500.0,11980500.0,Diterima Futake,11980500.0,https://futakesistem.com/web#id=112505&cids=1&menu_id=337&action=506&active_id=84&model=project.task&view_type=form,False,2026-05
2026-05-07,P00105,S00548,,,Teknika Jaya (Bu Yusri),85802773253,Mesin Tepat Guna,"Giboult Join for PVC P.20cm Uk. 3""","Giboult Join for PVC P.20cm Uk. 3""",14.0,PCS,,,2100000.0,,Transfer ,Anis,,,,,,,,,,,,,,,,,,,,,,,,,0.0,0.0,Diterima Futake,0.0,https://futakesistem.com/web#id=112505&cids=1&menu_id=337&action=506&active_id=84&model=project.task&view_type=form,False,2026-05
2026-05-07,P00105,S00548,,,Teknika Jaya (Bu Yusri),85802773253,Mesin Tepat Guna,"Giboult Join for PVC P.20cm Uk. 4""","Giboult Join for PVC P.20cm Uk. 4""",22.0,PCS,,,3850000.0,,Transfer ,Anis,,,,,,,,,,,,,,,,,,,,,,,,,0.0,0.0,Diterima Futake,0.0,https://futakesistem.com/web#id=112505&cids=1&menu_id=337&action=506&active_id=84&model=project.task&view_type=form,False,2026-05
2026-05-07,P00105,S00548,,,Teknika Jaya (Bu Yusri),85802773253,Mesin Tepat Guna,"Giboult Join for PVC P.20cm Uk. 6""","Giboult Join for PVC P.20cm Uk. 6""",2.0,PCS,,,720000.0,,Transfer ,Anis,,,,,,,,,,,,,,,,,,,,,,,,,0.0,0.0,Diterima Futake,0.0,https://futakesistem.com/web#id=112505&cids=1&menu_id=337&action=506&active_id=84&model=project.task&view_type=form,False,2026-05
2026-05-07,P00105,S00548,,,Teknika Jaya (Bu Yusri),85802773253,Mesin Tepat Guna,"Giboult Join for PVC P.20cm Uk. 8""","Giboult Join for PVC P.20cm Uk. 8""",8.0,PCS,,,4320000.0,,Transfer ,Anis,,,,,,,,,,,,,,,,,,,,,,,,,0.0,0.0,Diterima Futake,0.0,https://futakesistem.com/web#id=112505&cids=1&menu_id=337&action=506&active_id=84&model=project.task&view_type=form,False,2026-05
2026-05-07,P00106,S00540,07/05/2026,20/05/2026,Kembar Jaya,85185981865,Street Furniture & Landscape,Grill Garis ,Grill Garis FCD Top 10mm,2.0,PCS,,,1900000.0,5634000.0,Transfer ,Fajar,07/05/2026,Rp1.690.200,23/05/2026,Rp3.943.800,,,,,,,,,,,,,,,,,,,,,5634000.0,0.0,Diterima Futake,0.0,http://futakesistem.com/mail/view?model=project.task&res_id=112443&access_token=4b76bc32-a0c2-4ebb-b4fc-c07049c7d2a6,False,2026-05
2026-05-07,P00106,S00540,07/05/2026,20/05/2026,Kembar Jaya,85185981865,Street Furniture & Landscape,Grill Bunga ,Grill Bunga FCD Top 10mm,2.0,PCS,,,2734000.0,,Transfer ,Fajar,,,,,,,,,,,,,,,,,,,,,,,,,0.0,0.0,Diterima Futake,0.0,http://futakesistem.com/mail/view?model=project.task&res_id=112444&access_token=c616730c-95d3-4c0a-a0ba-ff8ff02f044a,False,2026-05
2026-05-07,P00106,S00540,07/05/2026,20/05/2026,Kembar Jaya,85185981865,Street Furniture & Landscape,Biaya Matras ,Biaya Matras Grill Garis FCD Top 10mm,1.0,PCS,,,450000.0,,Transfer ,Fajar,,,,,,,,,,,,,,,,,,,,,,,,,0.0,0.0,Diterima Futake,0.0,http://futakesistem.com/mail/view?model=project.task&res_id=112443&access_token=4b76bc32-a0c2-4ebb-b4fc-c07049c7d2a6,False,2026-05
2026-05-07,P00106,S00540,07/05/2026,20/05/2026,Kembar Jaya,85185981865,Street Furniture & Landscape,Biaya Matras ,Biaya Matras Grill Bunga FCD Top 10mm,1.0,PCS,,,550000.0,,Transfer ,Fajar,,,,,,,,,,,,,,,,,,,,,,,,,0.0,0.0,Diterima Futake,0.0,http://futakesistem.com/mail/view?model=project.task&res_id=112444&access_token=c616730c-95d3-4c0a-a0ba-ff8ff02f044a,False,2026-05
2026-05-07,P00107,STOCK ,,,Pak Yudi Toples Kaca Ceper,8816414279,Alat Usaha & Perlengkapan Rumah Tangga,Toples Kaca 6 No. 1 ,Toples Kaca 6 No. 1 ,5.0,PCS,,,575000.0,2810000.0,,Stock,,,,,,,,,,,,,,,,,,,,,,,,,0.0,2810000.0,Diterima Futake,2810000.0,STOCK ,False,2026-05
2026-05-07,P00107,STOCK ,,,Pak Yudi Toples Kaca Ceper,8816414279,Alat Usaha & Perlengkapan Rumah Tangga,Toples Kaca 1 No. 3 ,Toples Kaca 1 No. 3 ,15.0,PCS,,,1185000.0,,,Stock,,,,,,,,,,,,,,,,,,,,,,,,,0.0,0.0,Diterima Futake,0.0,STOCK ,False,2026-05
2026-05-07,P00107,STOCK ,,,Pak Yudi Toples Kaca Ceper,8816414279,Alat Usaha & Perlengkapan Rumah Tangga,Toples Kaca 6 No. 6,Toples Kaca 6 No. 6,10.0,PCS,,,550000.0,,,Stock,,,,,,,,,,,,,,,,,,,,,,,,,0.0,0.0,Diterima Futake,0.0,STOCK ,False,2026-05
2026-05-07,P00107,STOCK ,,,Pak Yudi Toples Kaca Ceper,8816414279,Alat Usaha & Perlengkapan Rumah Tangga,Toples Kaca 6 No. 2 ,Toples Kaca 6 No. 2 ,5.0,PCS,,,500000.0,,,Stock,,,,,,,,,,,,,,,,,,,,,,,,,0.0,0.0,Diterima Futake,0.0,STOCK ,False,2026-05
2026-05-08,P00108,S00547,07/05/2026,30/05/2026,PT. Panca Karya Wijaya ,8161163491,Street Furniture & Landscape,Tiang PJU Octagonal 7m ,Tiang PJU Octagonal 7m H07 Solar Cell ,16.0,UNIT ,Revisi qty dan harga ,26/5/2026,52800000.0,79800000.0,,Syaiful ,,,,,,,,,,,,,,,,,,,,,,,,,0.0,79800000.0,Belum Diterima Futake,0.0,https://futakesistem.com/web#id=112187&cids=1&menu_id=337&action=506&active_id=84&model=project.task&view_type=form,False,2026-05
2026-05-08,P00108,S00547,07/05/2026,30/05/2026,PT. Panca Karya Wijaya ,8161163491,Street Furniture & Landscape,Tiang PJU Octagonal 5m ,Tiang PJU Octagonal 7m H07 Solar Cell ,9.0,UNIT ,Revisi qty dan harga ,26/5/2026,27000000.0,,,Syaiful ,,,,,,,,,,,,,,,,,,,,,,,,,0.0,0.0,Belum Diterima Futake,0.0,https://futakesistem.com/web#id=112187&cids=1&menu_id=337&action=506&active_id=84&model=project.task&view_type=form,False,2026-05
2026-05-08,P00109,S00543,,,CV Agung Mulia ,83866373384,Street Furniture & Landscape,Andesit Bakar 10 x 10 x 10 cm,Andesit Bakar 10 x 10 x 10 cm,4027.0,PCS,,,16913400.0,16913400.0,Transfer ,Syaiful ,13/05/2026,Rp16.913.400,,,,,,,,,,,,,,,,,,,,,,,16913400.0,0.0,Diterima Futake,0.0,https://futakesistem.com/web#id=112462&cids=1&menu_id=337&action=506&active_id=84&model=project.task&view_type=form,False,2026-05
2026-05-08,P00110,STOCK ,,,Kembar Teknika,62823-2220-1080,Alat Usaha & Perlengkapan Rumah Tangga,Toples Kaca 4 No. 1,Toples Kaca 4 No. 1,15.0,PCS,,,1500000.0,3535000.0,Transfer ,Stock,14/05/2026,Rp3.535.000,,,,,,,,,,,,,,,,,,,,,,,3535000.0,0.0,Diterima Futake,0.0,STOCK ,False,2026-05
2026-05-08,P00110,STOCK ,,,Kembar Teknika,62823-2220-1080,Alat Usaha & Perlengkapan Rumah Tangga,Toples Kaca 6 No. 2 ,Toples Kaca 6 No. 2 ,7.0,PCS,,,735000.0,,Transfer ,Stock,,,,,,,,,,,,,,,,,,,,,,,,,0.0,0.0,Diterima Futake,0.0,STOCK ,False,2026-05
2026-05-08,P00110,STOCK ,,,Kembar Teknika,62823-2220-1080,Alat Usaha & Perlengkapan Rumah Tangga,Toples Kaca 6 No. 3,Toples Kaca 6 No. 3,9.0,PCS,,,900000.0,,Transfer ,Stock,,,,,,,,,,,,,,,,,,,,,,,,,0.0,0.0,Diterima Futake,0.0,STOCK ,False,2026-05
2026-05-08,P00110,STOCK ,,,Kembar Teknika,62823-2220-1080,Alat Usaha & Perlengkapan Rumah Tangga,Toples Kaca 6 No. 4,Toples Kaca 6 No. 4,5.0,PCS,,,400000.0,,Transfer ,Stock,,,,,,,,,,,,,,,,,,,,,,,,,0.0,0.0,Diterima Futake,0.0,STOCK ,False,2026-05
2026-05-09,P00111,S00553,09/05/2026,25/05/2026,Bapak Antok,62 821-3706-6888,Street Furniture & Landscape,Tempat Sampah Dusun Semilir Semarang,Tempat Sampah Dusun Semilir Semarang,5.0,PCS,,,10000000.0,10000000.0,Transfer ,Swastika,12/05/2026,Rp3.000.000,,,,,,,,,,,,,,,,,,,,,,,3000000.0,7000000.0,Diterima Futake,7000000.0,http://futakesistem.com/mail/view?model=project.task&res_id=111355&access_token=7ab6f485-3ff3-466a-8c5c-6b3223d18626,False,2026-05
2026-05-09,P00112,,,,Futastone,62 823-2220-4090,Street Furniture & Landscape,Guiding Block Ubin 30 x 30,Guiding Block Ubin 30 x 30 Dot ,,,,,0.0,,,,,,,,,,,,,,,,,,,,,,,,,,,,0.0,0.0,Diterima Futake,0.0,,False,2026-05
2026-05-11,P00113,STOCK ,,,Bintang Steel (Pak Dandung),62 812-2588-5220,Alat Usaha & Perlengkapan Rumah Tangga,Dandang 25L Berkeran ,Dandang 25L Berkeran ,15.0,PCS,,,2175000.0,2175000.0,Transfer ,Stock ,23/05/2026,Rp2.175.000,,,,,,,,,,,,,,,,,,,,,,,2175000.0,0.0,Diterima Futake,0.0,,False,2026-05
2026-05-11,P00114,S00565,,,Futastone,62 823-2220-4090,Street Furniture & Landscape,Pondasi Tiang PJU Proyek SR,Pondasi Tiang PJU Proyek SR,68.0,UNIT,revisi qty ,15/5/2026,68000000.0,68000000.0,Transfer ,Syaiful ,14/05/2026,Rp10.000.000,20/05/2026,Rp10.000.000,21/05/2026,Rp10.000.000,,,,,,,,,,,,,,,,,,,30000000.0,38000000.0,Belum Diterima Futake,9000000.0,http://futakesistem.com/mail/view?model=project.task&res_id=112488&access_token=6e104c01-199d-421c-87cd-d71a378a9412,False,2026-05
2026-05-11,P00115,INVENTARIS,,,Kembar Teknika,62823-2220-1080,Street Furniture & Landscape,Meja Karyawan ,Meja Karyawan Single ,8.0,UNIT,,,0.0,,,Inventaris,,,,,,,,,,,,,,,,,,,,,,,,,0.0,0.0,Belum Diterima Futake,0.0,INVENTARIS,False,2026-05
2026-05-12,P00116,,12/05/2026,06/06/2026,Kembar Teknika,62823-2220-1080,Street Furniture & Landscape,Kursi Taman Tanpa Sandaran Sekolah Rakyat DIY ,Kursi Taman Tanpa Sandaran Sekolah Rakyat DIY ,15.0,UNIT,revisi qty dan harga,15/5/2026,24000000.0,82170000.0,Transfer ,Syaiful ,13/05/2026,Rp10.000.000,18/05/2026,Rp10.000.000,,,,,,,,,,,,,,,,,,,,,20000000.0,62170000.0,Belum Diterima Futake,0.0,http://futakesistem.com/mail/view?model=project.task&res_id=112182&access_token=d978b63d-3068-41f1-b6fe-7e0bedb7b34d,False,2026-05
2026-05-12,P00116,,12/05/2026,06/06/2026,Kembar Teknika,62823-2220-1080,Street Furniture & Landscape,Manhole Sekolah Rakyat DIY ,Manhole Sekolah Rakyat DIY ,30.0,UNIT,,,58170000.0,,Transfer ,Syaiful ,,,,,,,,,,,,,,,,,,,,,,,,,0.0,0.0,Belum Diterima Futake,0.0,https://futakesistem.com/web#id=112438&cids=1&menu_id=337&action=506&active_id=84&model=project.task&view_type=form,False,2026-05
2026-05-12,P00117,,12/05/2026,29/05/2026,Bapak Antok,62 821-3706-6888,Street Furniture & Landscape,Bollard Sekolah Rakyat DIY ,Bollard Sekolah Rakyat DIY ,3.0,PCS,,,3000000.0,3000000.0,Transfer ,Syaiful ,13/05/2026,Rp900.000,,,,,,,,,,,,,,,,,,,,,,,900000.0,2100000.0,Belum Diterima Futake,0.0,http://futakesistem.com/mail/view?model=project.task&res_id=112185&access_token=ebeff511-1584-45ae-b1b8-a4585952c9e6,False,2026-05
2026-05-12,P00118,,12/05/2026,29/05/2026,CV Mandiri Baru,87874843242,Alat Usaha & Perlengkapan Rumah Tangga,Tempat Sampah Fiber 3 in 1 Sekolah Rakyat SR,Tempat Sampah Fiber 3 in 1 Sekolah Rakyat SR,30.0,PCS,,,25500000.0,25500000.0,Transfer ,Syaiful ,13/05/2026,Rp7.650.000,,,,,,,,,,,,,,,,,,,,,,,7650000.0,17850000.0,Belum Diterima Futake,0.0,http://futakesistem.com/mail/view?model=project.task&res_id=112464&access_token=e14df48c-fd3a-49db-a712-50eb4dedc7d9,False,2026-05
2026-05-12,P00119,S00587,12/05/2026,19/05/2026,Bintang Steel (Pak Dandung),81225885220,Alat Usaha & Perlengkapan Rumah Tangga,Dandang 200L ,Dandang 200L ,1.0,PCS,,,1450000.0,1450000.0,Transfer ,Santi,23/05/2026,Rp1.450.000,,,,,,,,,,,,,,,,,,,,,,,1450000.0,0.0,Diterima Futake,0.0,http://futakesistem.com/mail/view?model=project.task&res_id=112773&access_token=6cf685d3-3cd4-4de5-acc6-72caf85571f9,False,2026-05
2026-05-13,P00120,WORKSHOP ,,,Baja Mulia Perkasa ,62 812-2566-8326,Street Furniture & Landscape,Besi Hollow,Besi Hollow Uk. 6x4,15.0,PCS,,,4575000.0,4575000.0,Transfer ,Stock ,13/05/2026,Rp4.575.000,,,,,,,,,,,,,,,,,,,,,,,4575000.0,0.0,Diterima Futake,0.0,WORKSHOP,False,2026-05
2026-05-13,P00121,STOCK ,,,Pak Yono Toples Kaca ,858-7922-4155,Alat Usaha & Perlengkapan Rumah Tangga,Toples Kaca 6 No. 1,Toples Kaca 6 No. 1,25.0,PCS,,,2750000.0,2750000.0,,Stock ,,,,,,,,,,,,,,,,,,,,,,,,,0.0,2750000.0,Diterima Futake,2750000.0,STOCK ,False,2026-05
2026-05-14,P00122,S00596,,,Kembar Teknika,62823-2220-1080,Street Furniture & Landscape,Railing Pagar Sekolah Rakyat D.I.Yogyakarta,Railing Pagar Sekolah Rakyat D.I.Yogyakarta,133.0,PLONG ,,,332500000.0,332500000.0,Transfer ,Syaiful ,15/05/2026,Rp10.000.000,05/19/2026,Rp30.000.000,20/5/2026,10.000.000,21/5/2026,10.000.000,,,,,,,,,,,,,,,,,60000000.0,272500000.0,Belum Diterima Futake,0.0,http://futakesistem.com/mail/view?model=project.task&res_id=112184&access_token=f5e95eb9-3c29-4ce7-85e9-2f413a0620bc,False,2026-05
2026-05-14,P00123,S00596,,,Bapak Antok,62 821-3706-6888,Street Furniture & Landscape,Railing Pagar Sekolah Rakyat D.I.Yogyakarta,Railing Pagar Sekolah Rakyat D.I.Yogyakarta,100.0,PLONG ,,,260000000.0,260000000.0,Transfer ,Syaiful ,15/05/2026,Rp10.000.000,05/19/2026,Rp30.000.000,20/5/2026,10.000.000,21/5/2026,10.000.000,,,,,,,,,,,,,,,,,60000000.0,200000000.0,Belum Diterima Futake,0.0,http://futakesistem.com/mail/view?model=project.task&res_id=112184&access_token=f5e95eb9-3c29-4ce7-85e9-2f413a0620bc,False,2026-05
2026-05-14,P00124,S00631,14/05/2026,26/05/2026,Berkah Jaya Fiber ,62 856-0434-1064,Street Furniture & Landscape,Cetakan Roster,Cetakan Roster,2.0,PCS,,,700000.0,700000.0,Transfer ,Fajar,15/05/2026,Rp350.000,23/05/2026,Rp350.000,,,,,,,,,,,,,,,,,,,,,700000.0,0.0,Diterima Futake,0.0,http://futakesistem.com/mail/view?model=project.task&res_id=112843&access_token=fe27a59e-7f5c-4633-8e61-d85233b45203,False,2026-05
2026-05-14,P00124,S00631,14/05/2026,26/05/2026,Berkah Jaya Fiber ,62 856-0434-1064,Street Furniture & Landscape,Ongkir ,Ongkir ,1.0,UNIT,,,38000.0,38000.0,Transfer ,Fajar,23/05/2026,Rp38.000,,,,,,,,,,,,,,,,,,,,,,,38000.0,0.0,Diterima Futake,0.0,http://futakesistem.com/mail/view?model=project.task&res_id=112843&access_token=fe27a59e-7f5c-4633-8e61-d85233b45203,False,2026-05
2026-05-14,P00125,S00615,14/05/2026,18/06/2026,Bapak Antok,62 821-3706-6888,Mesin Tepat Guna,Mesin molen stainless 120L (custom),Mesin molen stainless 120L (custom),1.0,UNIT,,,15000000.0,15000000.0,Transfer ,Santi,23/05/2026,Rp4.500.000,,,,,,,,,,,,,,,,,,,,,,,4500000.0,10500000.0,Belum Diterima Futake,0.0,http://futakesistem.com/mail/view?model=project.task&res_id=12298&access_token=b74637a2-3ac4-4457-b1d6-3758b3ba453c,False,2026-05
2026-05-14,P00126,STOCK ,,,Aneka Teknik (Pak Badrus) ,62 853-2808-5465,Mesin Tepat Guna,Silinder Tes Beton 15x30,Silinder Tes Beton 15x30,20.0,PCS,,,4500000.0,4500000.0,Transfer ,Stock,15/05/2026,Rp1.350.000,05/19/2026,Rp3.150.000,,,,,,,,,,,,,,,,,,,,,4500000.0,0.0,Diterima Futake,0.0,STOCK ,False,2026-05
2026-05-18,P00127,S00644,18/05/2026,26/05/2026,MF Antik,62 812-1506-204,Street Furniture & Landscape,Tiang petunjuk arah cabang 5,Tiang petunjuk arah cabang 5,2.0,UNIT ,,,4000000.0,4000000.0,Transfer ,Fajar,18/05/2026,Rp2.800.000,,,,,,,,,,,,,,,,,,,,,,,2800000.0,1200000.0,Belum Diterima Futake,0.0,http://futakesistem.com/mail/view?model=project.task&res_id=112876&access_token=f897cdf9-2cbb-413e-8a7d-e823360d8da1,False,2026-05
2026-05-18,P00128,,,,Kembar Teknika,62823-2220-1080,Street Furniture & Landscape,Tiang Bendera Sekolah Rakyat,Tiang Bendera Sekolah Rakyat,1.0,UNIT ,,,5518000.0,5518000.0,,Syaiful ,,,,,,,,,,,,,,,,,,,,,,,,,0.0,5518000.0,Belum Diterima Futake,0.0,http://futakesistem.com/mail/view?model=project.task&res_id=112882&access_token=e2131c1b-cddd-47ef-8d01-47a24c38ed25,False,2026-05
2026-05-18,P00129,S00645,18/05/2026,08/06/2026,Kembar Jaya ,62 851-8598-1865,Street Furniture & Landscape,Grill Chamber 100x40,Grill Chamber 100x40,7.0,PCS,,,6496000.0,20240000.0,Transfer ,Fajar,05/19/2026,Rp6.072.000,,,,,,,,,,,,,,,,,,,,,,,6072000.0,14168000.0,Belum Diterima Futake,0.0,http://futakesistem.com/mail/view?model=project.task&res_id=112640&access_token=23e79579-bb23-4890-9a7b-02cec68b5539,False,2026-05
2026-05-18,P00129,S00645,18/05/2026,08/06/2026,Kembar Jaya ,62 851-8598-1865,Street Furniture & Landscape,Grill Chamber Panjang 50 x Lebar 50,Grill Chamber Panjang 50 x Lebar 50,16.0,PCS,,,13744000.0,,Transfer ,Fajar,,,,,,,,,,,,,,,,,,,,,,,,,0.0,0.0,Belum Diterima Futake,0.0,http://futakesistem.com/mail/view?model=project.task&res_id=112639&access_token=026bfc43-d932-4297-b98c-7b66b991c1a9,False,2026-05
2026-05-18,P00130,S00649,18/05/2026,22/05/2026,Kembar Teknika,62823-2220-1080,Art & Craft,Molding medali bahan alumunium,Molding medali bahan alumunium,1.0,PCS,,,135000.0,330000.0,,Anis,,,,,,,,,,,,,,,,,,,,,,,,,0.0,330000.0,Belum Diterima Futake,0.0,http://futakesistem.com/mail/view?model=project.task&res_id=112674&access_token=32db3d29-8511-4500-a02d-5ebb1ccea122,False,2026-05
2026-05-18,P00130,S00649,18/05/2026,22/05/2026,Kembar Teknika,62823-2220-1080,Art & Craft,Biaya Matras ,Biaya Matras ,1.0,PCS,,,195000.0,,,Anis,,,,,,,,,,,,,,,,,,,,,,,,,0.0,0.0,Belum Diterima Futake,0.0,http://futakesistem.com/mail/view?model=project.task&res_id=112674&access_token=32db3d29-8511-4500-a02d-5ebb1ccea122,False,2026-05
2026-05-18,P00131,S00650,,,Tunggal Mandiri ,81328858172,Street Furniture & Landscape,Angkur PJU Sekolah Rakyat ,Angkur PJU Sekolah Rakyat ,80.0,PCS,,,2640000.0,2640000.0,Transfer ,Syaiful ,18/05/2026,Rp2.640.000,,,,,,,,,,,,,,,,,,,,,,,2640000.0,0.0,Belum Diterima Futake,0.0,http://futakesistem.com/mail/view?model=project.task&res_id=112880&access_token=373729ec-a2bb-48a0-b87f-4eb51a1e6538,False,2026-05
2026-05-19,P00132,WAREHOUSE,,,UD Sido Rukun ,62 857-2529-0210,Street Furniture & Landscape,Kayu Packing ,Kayu Packing ,20.0,IKAT ,,,1100000.0,1100000.0,Transfer ,Stock,05/19/2026,Rp1.100.000,,,,,,,,,,,,,,,,,,,,,,,1100000.0,0.0,Belum Diterima Futake,0.0,WAREHOUSE ,False,2026-05
2026-05-19,P00133,S00650,,,Futafarm ,62 823-2220-4090,Street Furniture & Landscape,Tanaman Ekor kuda (m2),Tanaman Ekor kuda (m2),4.0,PCS,,,12000.0,50032000.0,Transfer ,Syaiful ,20/05/2026,Rp15.000.000,,,,,,,,,,,,,,,,,,,,,,,15000000.0,35032000.0,Belum Diterima Futake,0.0,http://futakesistem.com/mail/view?model=project.task&res_id=112880&access_token=373729ec-a2bb-48a0-b87f-4eb51a1e6538,False,2026-05
2026-05-19,P00133,S00650,,,Futafarm ,62 823-2220-4090,Street Furniture & Landscape,Tanaman Calathea (m2),Tanaman Calathea (m2),10.0,PCS,,,65000.0,,Transfer ,Syaiful ,,,,,,,,,,,,,,,,,,,,,,,,,0.0,0.0,Belum Diterima Futake,0.0,http://futakesistem.com/mail/view?model=project.task&res_id=112880&access_token=373729ec-a2bb-48a0-b87f-4eb51a1e6538,False,2026-05
2026-05-19,P00133,S00650,,,Futafarm ,62 823-2220-4090,Street Furniture & Landscape,Tanaman Aracis Pintoi (m2),Tanaman Aracis Pintoi (m2),10.0,PCS,,,20000.0,,Transfer ,Syaiful ,,,,,,,,,,,,,,,,,,,,,,,,,0.0,0.0,Belum Diterima Futake,0.0,http://futakesistem.com/mail/view?model=project.task&res_id=112880&access_token=373729ec-a2bb-48a0-b87f-4eb51a1e6538,False,2026-05
2026-05-19,P00133,S00650,,,Futafarm ,62 823-2220-4090,Street Furniture & Landscape,Tanaman Lee Kuan Yew (batang),Tanaman Lee Kuan Yew (batang),70.0,PCS,,,245000.0,,Transfer ,Syaiful ,,,,,,,,,,,,,,,,,,,,,,,,,0.0,0.0,Belum Diterima Futake,0.0,http://futakesistem.com/mail/view?model=project.task&res_id=112880&access_token=373729ec-a2bb-48a0-b87f-4eb51a1e6538,False,2026-05
2026-05-19,P00133,S00650,,,Futafarm ,62 823-2220-4090,Street Furniture & Landscape,Rumput Gajah Mini (m2),Rumput Gajah Mini (m2),1806.0,PCS,,,27090000.0,,Transfer ,Syaiful ,,,,,,,,,,,,,,,,,,,,,,,,,0.0,0.0,Belum Diterima Futake,0.0,http://futakesistem.com/mail/view?model=project.task&res_id=112880&access_token=373729ec-a2bb-48a0-b87f-4eb51a1e6538,False,2026-05
2026-05-19,P00133,S00650,,,Futafarm ,62 823-2220-4090,Street Furniture & Landscape,Pohon Kurma (batang),Pohon Kurma (batang),3.0,PCS,,,9000000.0,,Transfer ,Syaiful ,,,,,,,,,,,,,,,,,,,,,,,,,0.0,0.0,Belum Diterima Futake,0.0,http://futakesistem.com/mail/view?model=project.task&res_id=112880&access_token=373729ec-a2bb-48a0-b87f-4eb51a1e6538,False,2026-05
2026-05-19,P00133,S00650,,,Futafarm ,62 823-2220-4090,Street Furniture & Landscape,"Pohon Tabebuya, diameter 10 cm tinggi 2 - 3 m","Pohon Tabebuya, diameter 10 cm tinggi 2 - 3 m",68.0,PCS,,,13600000.0,,Transfer ,Syaiful ,,,,,,,,,,,,,,,,,,,,,,,,,0.0,0.0,Belum Diterima Futake,0.0,http://futakesistem.com/mail/view?model=project.task&res_id=112880&access_token=373729ec-a2bb-48a0-b87f-4eb51a1e6538,False,2026-05
2026-05-19,P00134,STOCK ,,,Teknika Jaya (Bu Yusri),0858-0277-3253,Street Furniture & Landscape,"Giboult Joint Standart Cembung 2""","Giboult Joint Standart Cembung 2""",20.0,PCS,,,1600000.0,2600000.0,Transfer ,Stock,30/05/2026,Rp780.000,,,,,,,,,,,,,,,,,,,,,,,780000.0,1820000.0,Belum Diterima Futake,0.0,STOCK ,False,2026-05
2026-05-19,P00134,STOCK ,,,Teknika Jaya (Bu Yusri),0858-0277-3253,Street Furniture & Landscape,"Giboult Joint Standart Cembung 2,5""","Giboult Joint Standart Cembung 2,5""",10.0,PCS,,,1000000.0,,,Stock,,,,,,,,,,,,,,,,,,,,,,,,,0.0,0.0,Belum Diterima Futake,0.0,STOCK ,False,2026-05
2026-05-19,P00135,S00650,,,Futafarm ,62 823-2220-4090,Street Furniture & Landscape,Tanah Subur ,Tanah Subur ,30.0,PCS,,,18000000.0,18000000.0,Transfer ,Syaiful ,21/05/2026,Rp5.400.000,,,,,,,,,,,,,,,,,,,,,,,5400000.0,12600000.0,Belum Diterima Futake,0.0,http://futakesistem.com/mail/view?model=project.task&res_id=112909&access_token=2187d44d-dd6b-492f-a7d9-0e943e36681b,False,2026-05
2026-05-19,P00136,,,,Sarana Jaring Safety ,62 812-1314-9128,Art & Craft,Kursi Bench Stadion,Kursi Bench Stadion,2.0,UNIT ,,,20000000.0,20000000.0,Transfer ,Syaiful ,20/05/2026,Rp6.960.000,,,,,,,,,,,,,,,,,,,,,,,6960000.0,13040000.0,Belum Diterima Futake,0.0,http://futakesistem.com/mail/view?model=project.task&res_id=112161&access_token=2183d76d-35ab-4580-9e27-24da8f79816b,False,2026-05
2026-05-19,P00137,,20/05/2026,02/06/2026,Kembar Teknika,62823-2220-1080,Alat Usaha & Perlengkapan Rumah Tangga,Tempat Sampah Custom 1,Tempat Sampah Custom 1,1.0,PCS,,,330000.0,999000.0,,Syaiful ,,,,,,,,,,,,,,,,,,,,,,,,,0.0,999000.0,Belum Diterima Futake,0.0,http://futakesistem.com/mail/view?model=project.task&res_id=111921&access_token=16d239eb-9c84-4a83-ac88-f14056e84e96,False,2026-05
2026-05-19,P00137,,20/05/2026,02/06/2026,Kembar Teknika,62823-2220-1080,Alat Usaha & Perlengkapan Rumah Tangga,Tempat Sampah Custom 2,Tempat Sampah Custom 2,1.0,PCS,,,669000.0,,,Syaiful ,,,,,,,,,,,,,,,,,,,,,,,,,0.0,0.0,Belum Diterima Futake,0.0,http://futakesistem.com/mail/view?model=project.task&res_id=111922&access_token=69864df7-490a-472f-a6b4-c26eaf09d938,False,2026-05
2026-05-20,P00138,S00663,,,CV Agung Mulia ,83866373384,Street Furniture & Landscape,Guiding block ubin line 30 x 30 Tebal 4 cm,Guiding block ubin line 30 x 30 Tebal 4 cm,2514.0,PCS,,,30168000.0,30384000.0,,Santi,,,,,,,,,,,,,,,,,,,,,,,,,0.0,30384000.0,Belum Diterima Futake,0.0,http://futakesistem.com/mail/view?model=project.task&res_id=112961&access_token=3831eef9-dc8c-4c76-a6e6-9d90d4611ce5,False,2026-05
2026-05-20,P00138,S00663,,,CV Agung Mulia ,83866373384,Street Furniture & Landscape,Guiding block ubin dot 30 x 30 Tebal 4 cm,Guiding block ubin dot 30 x 30 Tebal 4 cm,18.0,PCS,,,216000.0,,,Santi,,,,,,,,,,,,,,,,,,,,,,,,,0.0,0.0,Belum Diterima Futake,0.0,http://futakesistem.com/mail/view?model=project.task&res_id=112962&access_token=f1fdf91b-5ec7-449a-9d92-d4d042f039b0,False,2026-05
2026-05-20,P00139,STOCK ,,,PT Sinar Mulia Teknalum ,85640544153,Street Furniture & Landscape,Guiding Block Aluminium Motif Gelombang Stop ,Guiding Block Aluminium Motif Gelombang Stop Dengan Kaki ,10000.0,PCS,,,87000000.0,226440000.0,,Stock,,,,,,,,,,,,,,,,,,,,,,,,,0.0,226440000.0,Belum Diterima Futake,0.0,STOCK ,False,2026-05
2026-05-20,P00139,STOCK ,,,PT Sinar Mulia Teknalum ,85640544153,Street Furniture & Landscape,Guiding Block Aluminium Motif Gelombang Go ,Guiding Block Aluminium Motif Gelombang Go Dengan Kaki ,5000.0,PCS,,,15000000.0,,,Stock,,,,,,,,,,,,,,,,,,,,,,,,,0.0,0.0,Belum Diterima Futake,0.0,STOCK ,False,2026-05
2026-05-20,P00139,STOCK ,,,PT Sinar Mulia Teknalum ,85640544153,Street Furniture & Landscape,Guiding Block Aluminium Motid Dot Go ,Guiding Block Aluminium Motid Dot Go Dengan Kaki ,10000.0,PCS,,,87000000.0,,,Stock,,,,,,,,,,,,,,,,,,,,,,,,,0.0,0.0,Belum Diterima Futake,0.0,STOCK ,False,2026-05
2026-05-20,P00139,STOCK ,,,PT Sinar Mulia Teknalum ,85640544153,Street Furniture & Landscape,Guiding Block Aluminium Motif Dot Stop ,Guiding Block Aluminium Motif Dot Stop Dengan Kaki ,5000.0,PCS,,,15000000.0,,,Stock,,,,,,,,,,,,,,,,,,,,,,,,,0.0,0.0,Belum Diterima Futake,0.0,STOCK ,False,2026-05
2026-05-20,P00139,STOCK ,,,PT Sinar Mulia Teknalum ,85640544153,Street Furniture & Landscape,PAJAK ,PAJAK ,1.0,UNIT ,,,22440000.0,,,Stock,,,,,,,,,,,,,,,,,,,,,,,,,0.0,0.0,Belum Diterima Futake,0.0,STOCK ,False,2026-05
2026-05-20,P00140,S00537,,,UD Sinar Mulia Surabaya ,81231354513,Art & Craft,Iron Oxide Merah 130b,Iron Oxide Merah 130b,10.0,PCS,,,7895000.0,7895000.0,Transfer ,Syaiful ,20/05/2026,Rp7.895.000,,,,,,,,,,,,,,,,,,,,,,,7895000.0,0.0,Belum Diterima Futake,0.0,,False,2026-05
2026-05-21,P00141,S00678,,,Kembar Teknika,62823-2220-1080,Art & Craft,Cukit Manhole ,Cukit Manhole ,1.0,PCS,,,22500.0,22500.0,,Syaiful ,,,,,,,,,,,,,,,,,,,,,,,,,0.0,22500.0,Diterima Futake,22500.0,http://futakesistem.com/mail/view?model=project.task&res_id=112877&access_token=9afe7b44-6a34-4eba-8436-e60eef9fd548,False,2026-05
2026-05-21,P00142,S00677,21/05/2026,02/06/2026,MF Antik,62 812-1506-204,Street Furniture & Landscape,Tiang petunjuk arah custom 2 cabang,Tiang petunjuk arah custom 2 cabang,1.0,UNIT ,,,1800000.0,8200000.0,Transfer ,Santi,23/04/2026,Rp2.460.000,,,,,,,,,,,,,,,,,,,,,,,2460000.0,5740000.0,Belum Diterima Futake,0.0,http://futakesistem.com/mail/view?model=project.task&res_id=112357&access_token=d49c54ca-4823-442f-95fa-af27a0259eac,False,2026-05
2026-05-21,P00142,S00677,21/05/2026,02/06/2026,MF Antik,62 812-1506-204,Street Furniture & Landscape,Tiang petunjuk arah custom 3 cabang,Tiang petunjuk arah custom 3 cabang,2.0,UNIT ,,,4000000.0,,Transfer ,Santi,,,,,,,,,,,,,,,,,,,,,,,,,0.0,0.0,Belum Diterima Futake,0.0,http://futakesistem.com/mail/view?model=project.task&res_id=112117&access_token=31847806-9b5c-4cac-963d-2ed34f1ca9b3,False,2026-05
2026-05-21,P00142,S00677,21/05/2026,02/06/2026,MF Antik,62 812-1506-204,Street Furniture & Landscape,Tiang petunjuk arah custom 4 cabang,Tiang petunjuk arah custom 4 cabang,1.0,UNIT ,,,2400000.0,,Transfer ,Santi,,,,,,,,,,,,,,,,,,,,,,,,,0.0,0.0,Belum Diterima Futake,0.0,http://futakesistem.com/mail/view?model=project.task&res_id=112118&access_token=46523447-c7d9-4cf1-9b37-dd52f2db1ea7,False,2026-05
2026-05-22,P00143,S00706,22/05/2026,10/06/2026,Kembar Teknika,62823-2220-1080,Street Furniture & Landscape,Kursi Taman Custom ,Kursi Taman Custom ,1.0,UNIT ,,,1400000.0,1700000.0,,Santi,,,,,,,,,,,,,,,,,,,,,,,,,0.0,1700000.0,Belum Diterima Futake,0.0,http://futakesistem.com/mail/view?model=project.task&res_id=112767&access_token=9c728a5b-72ff-415f-bf41-4ee8839a9871,False,2026-05
2026-05-22,P00143,S00706,22/05/2026,10/06/2026,Kembar Teknika,62823-2220-1080,Street Furniture & Landscape,Biaya Matras ,Biaya Matras ,1.0,UNIT ,,,300000.0,,,Santi,,,,,,,,,,,,,,,,,,,,,,,,,0.0,0.0,Belum Diterima Futake,0.0,http://futakesistem.com/mail/view?model=project.task&res_id=112767&access_token=9c728a5b-72ff-415f-bf41-4ee8839a9871,False,2026-05
2026-05-22,P00144,S00721,,,Anung Wijayanto ,62 878-3877-1091,Street Furniture & Landscape,Jasa Pasang Kanstin,Jasa Pasang Kanstin,300.0,METER ,,,5700000.0,30400000.0,Transfer ,Syaiful ,22/05/2026,Rp5.700.000,30/05/2026,Rp19.000.000,,,,,,,,,,,,,,,,,,,,,24700000.0,5700000.0,Belum Diterima Futake,0.0,https://futakesistem.com/web#cids=1&menu_id=337&action=506&active_id=84&model=project.task&view_type=form&id=113086,False,2026-05
2026-05-22,P00144,S00721,,,Anung Wijayanto ,62 878-3877-1091,Street Furniture & Landscape,Jasa Pasang Guiding Block Ubin,Jasa Pasang Guiding Block Ubin,300.0,METER ,,,5700000.0,,Transfer ,Syaiful ,,,,,,,,,,,,,,,,,,,,,,,,,0.0,0.0,Belum Diterima Futake,0.0,http://futakesistem.com/mail/view?model=project.task&res_id=111308&access_token=f6c59449-9f1f-4d21-b82e-0ba01bd7e2da,False,2026-05
2026-05-22,P00144,S00721,,,Anung Wijayanto ,62 878-3877-1091,Street Furniture & Landscape,Jasa Pasang Paving,Jasa Pasang Paving,1000.0,METER ,,,19000000.0,,Transfer ,Syaiful ,,,,,,,,,,,,,,,,,,,,,,,,,0.0,0.0,Belum Diterima Futake,0.0,http://futakesistem.com/mail/view?model=project.task&res_id=112885&access_token=2b0db432-a723-4078-a875-ecb4c8af2735,False,2026-05
2026-05-22,P00144,S00721,,,Anung Wijayanto ,62 878-3877-1091,Street Furniture & Landscape,Jasa Pasang Guiding Block PVC,Jasa Pasang Guiding Block PVC,300.0,METER ,,,0.0,,Transfer ,Syaiful ,,,,,,,,,,,,,,,,,,,,,,,,,0.0,0.0,Belum Diterima Futake,0.0,http://futakesistem.com/mail/view?model=project.task&res_id=112885&access_token=2b0db432-a723-4078-a875-ecb4c8af2735,False,2026-05
2026-05-25,P00146 ,S00705,,,Kembar Teknika,62823-2220-1080,Street Furniture & Landscape,Kaki Meja Tapak 4 Minimalis tipe 4,Kaki Meja Tapak 4 Minimalis tipe 4,16.0,UNIT ,,,9440000.0,9440000.0,,Fajar,,,,,,,,,,,,,,,,,,,,,,,,,0.0,9440000.0,Belum Diterima Futake,0.0,http://futakesistem.com/mail/view?model=project.task&res_id=113061&access_token=dd136335-c9bb-4dda-be21-4692d78636d5,False,2026-05
2026-05-25,P00147,STOCK ,,,CV Mitra Abadi Solo ,87719567227,Art & Craft,Carton Box ,Carton Box Uk. 50 x 30 x 30 ,100.0,PCS,,,1150000.0,1150000.0,,Stock ,,,,,,,,,,,,,,,,,,,,,,,,,0.0,1150000.0,Belum Diterima Futake,0.0,STOCK ,False,2026-05
2026-05-25,P00148 ,STOCK ,,,Pak Yudi Toples Kaca Ceper,8816414279,Art & Craft,Toples Kaca 4 No. 2 ,Toples Kaca 4 No. 2 ,15.0,PCS,,,1350000.0,1350000.0,,Stock,,,,,,,,,,,,,,,,,,,,,,,,,0.0,1350000.0,Belum Diterima Futake,0.0,STOCK ,False,2026-05
2026-05-26,P00149,STOCK ,,,Buana Jaya Logam ,85743999341,Art & Craft,Hotplate Oval Garis ,Hotplate Oval Garis Alur ,30.0,PCS,,,1440000.0,1440000.0,Transfer ,Stock ,29/05/2026,Rp1.440.000,,,,,,,,,,,,,,,,,,,,,,,1440000.0,0.0,Belum Diterima Futake,0.0,STOCK ,False,2027-05
2026-05-26,P00150,S00739 ,,,Kembar Jaya ,62 851-8598-1865,Street Furniture & Landscape,Grill Custom ,Grill Custom Uk. 86 x 57 x 3 + Embossed Logo Odessei ,15.0,PCS,,,14700000.0,14700000.0,,Santi,,,,,,,,,,,,,,,,,,,,,,,,,0.0,14700000.0,Belum Diterima Futake,0.0,https://futakesistem.com/web#id=112980&cids=1&menu_id=337&action=506&active_id=84&model=project.task&view_type=form,False,2026-05
2026-05-26,P00151,S00803,,,Kembar Teknika,62823-2220-1080,Street Furniture & Landscape,Railing Jembatan SR ,Railing Jembatan SR Ukuran 2m,20.0,UNIT ,,,28000000.0,28000000.0,,Syaiful ,,,,,,,,,,,,,,,,,,,,,,,,,0.0,28000000.0,Belum Diterima Futake,0.0,https://futakesistem.com/web#id=113206&cids=1&menu_id=337&action=506&active_id=84&model=project.task&view_type=form,False,2026-05
2026-05-26,P00152,S00802,,,Sarana Jaring Safety ,62 812-1314-9128,Street Furniture & Landscape,Jaring Mini Soccer ,Jaring Mini Soccer Uk. 62 x 44 Tinggi 10 m Jaring 3mm Lubang 8cm ,2120.0,METER ,,,38160000.0,198000000.0,Transfer ,Syaiful ,29/05/2026,Rp59.400.000,,,,,,,,,,,,,,,,,,,,,,,59400000.0,138600000.0,Belum Diterima Futake,0.0,https://futakesistem.com/web#id=112161&cids=1&menu_id=337&action=506&active_id=84&model=project.task&view_type=form,False,2026-05
2026-05-26,P00152,S00802,,,Sarana Jaring Safety ,62 812-1314-9128,Street Furniture & Landscape,Gawang Mini Soccer ,Gawang Mini Soccer ,1.0,SET ,,,7500000.0,,Transfer ,Syaiful ,,,,,,,,,,,,,,,,,,,,,,,,,0.0,0.0,Belum Diterima Futake,0.0,https://futakesistem.com/web#id=112883&cids=1&menu_id=337&action=506&active_id=84&model=project.task&view_type=form,False,2026-05
2026-05-26,P00152,S00802,,,Sarana Jaring Safety ,62 812-1314-9128,Street Furniture & Landscape,Tiang Penyangga Jaring ,Tiang Penyangga Jaring Tinggi 10m ,1.0,PCS ,,,134500000.0,,Transfer ,Syaiful ,,,,,,,,,,,,,,,,,,,,,,,,,0.0,0.0,Belum Diterima Futake,0.0,https://futakesistem.com/web#id=112161&cids=1&menu_id=337&action=506&active_id=84&model=project.task&view_type=form,False,2026-05
2026-05-26,P00152,S00802,,,Sarana Jaring Safety ,62 812-1314-9128,Street Furniture & Landscape,Jasa Pasang Jaring ,Jasa Pasang Jaring ,1.0,PCS,,,14840000.0,,Transfer ,Syaiful ,,,,,,,,,,,,,,,,,,,,,,,,,0.0,0.0,Belum Diterima Futake,0.0,https://futakesistem.com/web#id=112161&cids=1&menu_id=337&action=506&active_id=84&model=project.task&view_type=form,False,2026-05
2026-05-26,P00152,S00802,,,Sarana Jaring Safety ,62 812-1314-9128,Street Furniture & Landscape,Biaya Pengiriman Ongkir ,Biaya Pengiriman Ongkir ,1.0,PCS,,,3000000.0,,Transfer ,Syaiful ,,,,,,,,,,,,,,,,,,,,,,,,,0.0,0.0,Belum Diterima Futake,0.0,https://futakesistem.com/web#id=112161&cids=1&menu_id=337&action=506&active_id=84&model=project.task&view_type=form,False,2026-05
2026-05-26,P00153,,,,Kembar Jaya ,62 851-8598-1865,Street Furniture & Landscape,Manhole Cover ,Manhole Cover Uk. 50x50cm Frame 60 X60cm ,10.0,UNIT ,,,10500000.0,10500000.0,,Anis,,,,,,,,,,,,,,,,,,,,,,,,,0.0,10500000.0,Belum Diterima Futake,0.0,http://futakesistem.com/mail/view?model=project.task&res_id=113198&access_token=4a1d8d0d-5f1d-4562-bcdf-71367874e4e3,False,2026-05
2026-05-29,P00154,S00803,,,Kembar Teknika,62823-2220-1080,Street Furniture & Landscape,Railing Jembatan SR ,Railing Jembatan SR Ukuran 2m,5.0,UNIT ,,,7000000.0,7000000.0,,Syaiful ,,,,,,,,,,,,,,,,,,,,,,,,,0.0,7000000.0,Belum Diterima Futake,0.0,https://futakesistem.com/web#id=113206&cids=1&menu_id=337&action=506&active_id=84&model=project.task&view_type=form,False,2026-05
2026-05-29,P00155,Direct Order Pak Fikky ,,,Aneka Teknik ,62 821-3577-5828,Mesin Tepat Guna,Penggerak Diesel ,Penggerak DIesel Jiangfa 8pk ,1.0,UNIT ,,,3400000.0,3400000.0,,,,,,,,,,,,,,,,,,,,,,,,,,,0.0,3400000.0,Belum Diterima Futake,0.0,Direct Order Pak Fikky ,False,2026-05
2026-05-29,P00156,STOCK ,,,Buana Jaya Logam ,85743999341,Alat Usaha & Perlengkapan Rumah Tangga,Hotplate Sapi ,Hotplate Sapi Lokal ,50.0,PCS,,,2400000.0,2400000.0,,Stock,,,,,,,,,,,,,,,,,,,,,,,,,0.0,2400000.0,Belum Diterima Futake,0.0,STOCK ,False,2026-05
2026-05-29,P00157,S00738,,,Kembar Teknika,62823-2220-1080,Street Furniture & Landscape,Grill ,Grill Frame 70x70 Cover 60x60,78.0,UNIT ,,,91884000.0,91884000.0,,Fajar,,,,,,,,,,,,,,,,,,,,,,,,,0.0,91884000.0,Belum Diterima Futake,0.0,http://futakesistem.com/mail/view?model=project.task&res_id=113220&access_token=03e5b08d-0be4-46f1-8a79-9086069476bc,False,2026-05
2026-05-30,P00158,STOCK ,,,Kembar Teknika,62823-2220-1080,Art & Craft,Gantungan Wajan ,Gantungan Wajan ,100.0,PCS,,,1050000.0,1050000.0,,Stock,,,,,,,,,,,,,,,,,,,,,,,,,0.0,1050000.0,Belum Diterima Futake,0.0,STOCK ,False,2026-05
2026-06-02,P00159 ,S00831,,,CV Agung Mulia ,83866373384,Street Furniture & Landscape,"Guiding Block Ubin 30 x 30 Line, Tebal 3 Cm","Guiding Block Ubin 30 x 30 Line, Tebal 3 Cm",5000.0,PCS,,,45000000.0,46755000.0,,Fajar,,,,,,,,,,,,,,,,,,,,,,,,,0.0,46755000.0,Belum Diterima Futake,0.0,http://futakesistem.com/mail/view?model=project.task&res_id=113229&access_token=331229d7-9804-4394-8aaa-2ff8f4cb433c,False,2026-06
2026-06-02,P00159 ,S00831,,,CV Agung Mulia ,83866373384,Street Furniture & Landscape,"Guiding Block Ubin 30 x 30 Dot, Tebal 3 Cm","Guiding Block Ubin 30 x 30 Dot, Tebal 3 Cm",195.0,PCS,,,1755000.0,,,Fajar,,,,,,,,,,,,,,,,,,,,,,,,,0.0,0.0,Belum Diterima Futake,0.0,http://futakesistem.com/mail/view?model=project.task&res_id=113229&access_token=331229d7-9804-4394-8aaa-2ff8f4cb433c,False,2026-06
2026-06-02,P00160,STOCK ,,,Bintang Steel (Pak Dandung),62 812-2588-5220,Alat Usaha & Perlengkapan Rumah Tangga,Penambahan Kran Dandang,Penambahan Kran Dandang,4.0,PCS,,,140000.0,140000.0,,Stock ,,,,,,,,,,,,,,,,,,,,,,,,,0.0,140000.0,Belum Diterima Futake,0.0,STOCK ,False,2026-06
2026-06-02,P00161,STOCK ,,,CV Agung Mulia ,83866373384,Street Furniture & Landscape,Guiding Block Ubin Line 30x30x3,Guiding Block Ubin Line 30x30x3,272.0,PCS,,,2448000.0,2448000.0,,Stock ,,,,,,,,,,,,,,,,,,,,,,,,,0.0,2448000.0,Belum Diterima Futake,0.0,STOCK ,False,2026-06
2026-06-02,P00162,,,,CV Agung Mulia ,83866373384,Street Furniture & Landscape,Guiding Block Ubin 30 x 30 line,Guiding Block Ubin 30 x 30 line,,,,,0.0,,,,,,,,,,,,,,,,,,,,,,,,,,,,0.0,0.0,Belum Diterima Futake,0.0,,False,2026-06
2026-06-02,P00162,,,,CV Agung Mulia ,83866373384,Street Furniture & Landscape,Guiding Block Ubin 30 x 30 Dot,Guiding Block Ubin 30 x 30 Dot,,,,,0.0,,,,,,,,,,,,,,,,,,,,,,,,,,,,0.0,0.0,Belum Diterima Futake,0.0,,False,2026-06
